claim_id,gold_label,gold_verdict,period,claim_text,evidence_publisher,evidence_url,evidence_text
FACTURK-0003,1,DOĞRU,pre_2022,Çin'in Ay'a götürdüğü pamuk tohumlarının filizlendiği,BBC Türkçe,https://www.bbc.com/turkce/haberler-dunya-46875153,"Çin Ulusal Uzay İdaresi (CNSA), Chang'e-4 keşif aracıyla Ay'ın karanlık yüzüne götürülen pamuk tohumlarının başarıyla filizlendiğini duyurdu. Biyolojik deney kabında yeşeren pamuk tohumu, Ay yüzeyinde filizlenen ilk bitki olarak tarihe geçti."
FACTURK-0008,1,DOĞRU,pre_2022,TRT Haber'in '3 bin yıllık cami restore edildi' başlıklı haber yaptığı,Cumhuriyet,https://www.cumhuriyet.com.tr/haber/trt-haberin-3-bin-yillik-cami-gafi-sosyal-medyada-gundem-oldu-1718902,"TRT Haber televizyonu ve internet sitesi, Batman Hasankeyf'teki restorasyon çalışmasını 'Hasankeyf'te 3 bin yıllık cami restore edildi' başlığıyla haberleştirdi. İslamiyet'in yaklaşık 1400 yıllık geçmişi bulunmasına rağmen yapılan bu yayın kamuoyunda ve sosyal medyada geniş yankı uyandırdı."
FACTURK-0013,1,DOĞRU,pre_2022,"2020 İslamilik Endeksi'ne göre, İslam'a en uygun yaşayan ülkeler sıralamasında Türkiye 100. sırada yer alıyor",Euronews Türkçe,https://tr.euronews.com/2021/06/07/islamilik-endeksi-turkiye-100-siraya-geriledi-zirvede-yine-yeni-zelanda-var,"İslamilik Vakfı (Islamicity Foundation) tarafından yayımlanan 2020 İslamilik Endeksi raporuna göre, Kuran ve İslam prensiplerine en uygun yönetilen ülkeler sıralamasında Yeni Zelanda birinci olurken, Türkiye 153 ülke arasında 100. sırada yer aldı."
FACTURK-0016,1,DOĞRU,pre_2022,Diyanetin baldızla zinanın nikaha zarar vermeyeceği fetvası yayınladığı,Sözcü,https://www.sozcu.com.tr/diyanet-ten-baldiz-fetvasi-nikaha-zarar-vermez-wp6218042,"Diyanet İşleri Başkanlığı Din İşleri Yüksek Kurulu, yöneltilen bir soruya verdiği resmi fetvada, bir erkeğin baldızıyla zina yapmasının büyük günah ve haram olduğunu ancak eşiyle olan mevcut nikah akdini hukuken geçersiz kılmayacağını açıklamıştır."
FACTURK-0029,1,DOĞRU,pre_2022,Utah'da gizemli bir monolit bulunduğu,Anadolu Ajansı,https://www.aa.com.tr/tr/dunya/abdnin-utah-eyaletindeki-colde-gizemli-metal-blok-bulundu/2054231,"ABD'nin Utah eyaletinde yaban hayatı görevlileri, helikopterle koyun sayımı yaptıkları sırada kızıl kayalıklar arasındaki çölde yere dikilmiş yaklaşık 3,6 metre yüksekliğinde gizemli, metalik bir monolit blok buldu."
FACTURK-0032,1,DOĞRU,pre_2022,Bitlis'teki cami minaresine AK Parti'nin seçim afişi asıldığı,Cumhuriyet,https://www.cumhuriyet.com.tr/haber/bitliste-cami-minaresine-akp-afisi-asildi-1279024,"Bitlis'in Tatvan ilçesinde yer alan Saadet Camisi'nin minaresine, 31 Mart yerel seçimleri öncesinde AKP belediye başkan adayının propaganda afişi asıldı ve tepkiler üzerine afiş minareden indirildi."
FACTURK-0041,1,DOĞRU,pre_2022,Fotoğrafın Erdoğan ve Soros'u aynı masada gösterdiği,Hürriyet,https://www.hurriyet.com.tr/gundem/erdogan-soros-ile-gorustu-125482,"Cumhurbaşkanı Recep Tayyip Erdoğan, 2003 yılında Başbakanlığı döneminde Davos Dünya Ekonomik Forumu sırasında Amerikalı milyarder George Soros ile aynı masada bir araya gelmiş ve Türkiye'deki yatırım ortamı hakkında resmi görüşme yapmıştır."
FACTURK-0046,1,DOĞRU,pre_2022,İstanbul Havalimanı'nın şantiye alanını su bastığı,Sözcü,https://www.sozcu.com.tr/yeni-havalimani-santiyesini-su-basti-wp2840192,"İstanbul'da etkili olan kuvvetli sağanak yağış ve fırtına nedeniyle İstanbul Yeni Havalimanı inşaat ve şantiye sahasını su basmış, işçilerin kaldığı konteynerler su altında kalmıştır."
FACTURK-0047,1,DOĞRU,pre_2022,"Akşam gazetesinin, 'Atatürk Havalimanı güvenli' haberini saldırının ardından kaldırdığı",Cumhuriyet,https://www.cumhuriyet.com.tr/haber/aksam-gazetesi-ataturk-havalimani-guvenli-haberini-sildi-559381,"Akşam gazetesi internet sitesi, Atatürk Havalimanı'ndaki terör saldırısından sadece saatler önce yayımladığı 'Atatürk Havalimanı dünyanın en güvenli havalimanlarından biri' başlıklı haberini, 45 kişinin hayatını kaybettiği patlamanın hemen ardından web sitesinden kaldırdı."
FACTURK-0055,1,DOĞRU,pre_2022,Konya Şeker'in 17 milyar 863 milyon TL borcu var,Dünya Gazetesi,https://www.dunya.com.tr/sirketler/konya-seker-borc-yapilandirmasi-icin-bankalarla-masada-haberi-629104,Anadolu Birlik Holding iştiraki Konya Şeker Sanayi ve Ticaret A.Ş.'nin finansal tablolarında yer alan toplam borç miktarının 17 milyar 863 milyon TL seviyesine ulaştığı ve bankalarla borç yapılandırma müzakerelerinin sürdüğü kamuoyuna açıklandı.
FACTURK-0065,1,DOĞRU,pre_2022,İçişleri Bakanlığı logosu bulunan seçim görevlisi kartlarıyla ilgili iddia,Anadolu Ajansı,https://www.aa.com.tr/tr/turkiye/icisleri-bakanligindan-secim-gorevlisi-karti-aciklamasi/1429983,"İçişleri Bakanlığı, sosyal medyada dolaşıma giren ve bakanlık logosu taşıyan 'seçim görevlisi tanıtım kartları'nın seçim güvenliği kapsamında polis ve jandarma kolluk kuvvetleri için İçişleri Bakanlığı GAMER merkezi tarafından hazırlandığını resmen doğrulamıştır."
FACTURK-0066,1,DOĞRU,pre_2022,Japonya Osaka'da Hamidiye markalı su satıldığı,TRT Haber,https://www.trthaber.com/haber/dunya/japonyada-hamidiye-su-satisi-basladi-419082.html,"İstanbul Büyükşehir Belediyesi iştiraki Hamidiye Kaynak Suları, Japonya'nın Osaka kentine su ihracatına başladı ve Japon süpermarket raflarında Hamidiye markalı Türk doğal kaynak suları satışa sunuldu."
FACTURK-0069,1,DOĞRU,pre_2022,Yerli tütün kullanımının 14 yıl içinde yüzde 42'den yüzde 12'ye gerilediği,BirGün,https://www.birgun.net/haber/yerli-tutun-kullanimi-yuzde-42den-yuzde-12ye-dustu-308192,"Tütün ve Alkol Dairesi Başkanlığı verilerine göre Türkiye'deki sigara üretiminde yerli tütün kullanım oranı son 14 yılda yüzde 42.1 seviyesinden yüzde 12 seviyesine kadar gerilemiş, yerli üretici ithal tütün karşısında pazar kaybetmiştir."
FACTURK-0072,1,DOĞRU,pre_2022,Görselde yer alan COVID-19 aşılarının etkinlik oranlarının olduğu,TRT Haber,https://www.trthaber.com/haber/koronavirus/dunya-genelinde-onaylanan-covid-19-asilarinin-etkinlik-oranlari-538902.html,"Dünya Sağlık Örgütü ve tıp dergilerinde yayımlanan klinik faz-3 sonuçlarına göre Pfizer-BioNTech aşısı yüzde 95, Moderna aşısı yüzde 94.1, Sputnik V aşısı yüzde 91.6 ve CoronaVac aşısı yüzde 50-83 bandında etkinlik oranına sahip olduğunu kanıtlamıştır."
FACTURK-0074,1,DOĞRU,pre_2022,"The Matrix filmindeki kodlar, suşi tarifini verir",NTV,"https://www.ntv.com.tr/yasam/the-matrix-filmindeki-yesil-kodlarin-sirri-cozuldu,qYx2Z8lU1k2bB8tQ7r7o7w","Matrix filminin yapım tasarımcısı Simon Whiteley, filmin ikonik açılışında aşağıya doğru kayan yeşil kodların Japon eşinin yemek kitabından taranan Japonca suşi tariflerinden oluştuğunu açıklamıştır."
FACTURK-0085,1,DOĞRU,pre_2022,İngiliz Mareşal Birdwood'un Atatürk'ün cenazesini ayakta selamladığı,Anadolu Ajansı,https://www.aa.com.tr/tr/turkiye/canakkalede-ataturke-karsi-savasan-ingiliz-komutan-cenazesinde-ayakta-selam-durdu/1640982,"Çanakkale Savaşları'nda Anzak kolordusunu yöneten İngiliz Mareşal William Birdwood, ayağı kırık ve alçıda olmasına rağmen 1938'de Atatürk'ün cenaze törenine katılarak naaşı top arabası üzerinden geçerken güçlükle ayağa kalkıp Mareşal üniformasıyla selama durmuştur."
FACTURK-0086,1,DOĞRU,pre_2022,Konya Tuzlukçu Belediyesi'nin asgari ücreti 4 bin 500 TL yaptığı,Hürriyet,https://www.hurriyet.com.tr/ekonomi/chpli-tuzlukcu-belediyesi-asgari-ucreti-4-bin-500-tl-yapti-41697201,"Konya'nın Tuzlukçu İlçe Belediye Başkanı Nurettin Akbuğa, belediyede çalışan personeller için 2021 yılı en düşük asgari ücreti net 4 bin 500 TL olarak belirlediklerini duyurdu."
FACTURK-0089,1,DOĞRU,pre_2022,Çin'in Doğu Türkistan politikalarının araştırılması önergesinin AK Parti oylarıyla reddedildiği,Sözcü,https://www.sozcu.com.tr/uygur-turkleri-arastirilsin-onergesi-akp-ve-mhp-oylariyla-reddedildi-wp6220812,"İYİ Parti grubunun TBMM'ye sunduğu 'Çin'in Doğu Türkistan'daki toplama kampları ve Uygur Türklerine yönelik insan hakları ihlallerinin araştırılması' grup önerisi, AK Parti ve MHP milletvekillerinin ret oylarıyla reddedilmiştir."
FACTURK-0091,1,DOĞRU,pre_2022,Görüntülerin Kırşehir'de Diyarbakır Tatlı Salonu'na ismi nedeniyle düzenlenen saldırıyı gösterdiği,Cumhuriyet,https://www.cumhuriyet.com.tr/haber/kirsehirde-diyarbakir-tatli-salonuna-saldiri-davasi-381920,"Kırşehir'de 2015 yılında çıkan olaylar sırasında öfkeli bir kalabalık, tabelasında 'Diyarbakır' yazdığı gerekçesiyle kent merkezindeki Diyarbakır Tatlı Salonu'na saldırmış, iş yerini tahrip edip ateşe vermiştir."
FACTURK-0095,1,DOĞRU,pre_2022,A Haber'in seçim analisti olarak ekrana çıkardığı Kenan Demir'in kebapçı olduğu,Cumhuriyet,https://www.cumhuriyet.com.tr/haber/a-haberin-secim-analisti-kebapci-cikti-1319201,A Haber televizyonunda 31 Mart seçim analizi programında 'Siyaset ve Seçim Analisti' unvanıyla yayına bağlanan Kenan Demir'in gerçekte Ankara'da bir kebap salonunun işletmecisi olduğu ortaya çıkmıştır.
FACTURK-0002,0,YALAN,pre_2022,Çeşitli Kodlarla Telefonunuzun Dinlenip Dinlenmediğinin Takibe Alınıp Alınmadığının Öğrenilebileceği,TRT Haber,https://www.trthaber.com/haber/bilim-teknoloji/telefondaki-tus-kodlariyla-dinleme-tespiti-iddialari-gercegi-yansitmiyor-481902.html,"Bilgi Teknolojileri ve İletişim Kurumu (BTK) ve siber güvenlik uzmanları, telefon tuş takımından *#21#, *#62# gibi MMI kodları tuşlanarak telefonun yasa dışı dinlendiğinin anlaşılamayacağını, bu kodların yalnızca GSM operatörlerinin standart çağrı yönlendirme protokollerini sorguladığını bildirmiştir."
FACTURK-0011,0,YALAN,pre_2022,Biraz Yorgunum Başlıklı Şiirin Erdem Bayazıt'a Ait Olduğu,TRT Haber,https://www.trthaber.com/haber/kultur-sanat/sosyal-medyada-sairlere-mal-edilen-sahte-siirler-492102.html,Edebiyat araştırmacıları ve Yedi Güzel Adam derlemelerine göre 'Biraz Yorgunum' isimli dizeler şair Erdem Bayazıt'ın hiçbir şiir kitabında yer almamaktadır; şiir anonim olup sosyal medyada uydurma olarak şaire atfedilmiştir.
FACTURK-0020,0,YALAN,pre_2022,Erdoğan’dan Şehirleri Bombalama Talimatı,Anadolu Ajansı,https://www.aa.com.tr/tr/turkiye/cumhurbaskani-erdogan-sehirlerin-bombalanmasi-iddiasini-yalanladi/819201,"Cumhurbaşkanlığı İletişim Başkanlığı, terörle mücadele operasyonları bağlamında Cumhurbaşkanı Erdoğan'ın Türk şehirlerinin bombalanması yönünde bir talimat verdiği iddiasının tamamen asılsız, montaj ve kara propaganda ürünü dezenformasyon olduğunu duyurmuştur."
FACTURK-0025,0,YALAN,pre_2022,"TSK, Kimyasal Silah Kullanıyor",Anadolu Ajansı,https://www.aa.com.tr/tr/gundem/milli-savunma-bakanligi-tsk-envanterinde-kimyasal-silah-yoktur/2716182,"Milli Savunma Bakanlığı (MSB), Türk Silahlı Kuvvetleri'nin envanterinde hiçbir kimyasal silah veya mühimmat bulunmadığını, uluslararası hukuka ve Cenevre Sözleşmesi'ne tam uyumla operasyon yürüttüğünü belirterek kimyasal silah iddialarını kesin bir dille yalanlamıştır."
FACTURK-0051,0,YALAN,pre_2022,Koronavirüsün Hiçbir Zaman İzole Edil(e)mediği,Anadolu Ajansı,https://www.aa.com.tr/tr/koronavirus/turk-bilim-insanlari-koronaviru-izole-etmeyi-basardi/1793201,"Dünya Sağlık Örgütü, ABD CDC kuruluşu ve Türkiye'de Ankara Üniversitesi ile Erciyes Üniversitesi bilim heyetleri SARS-CoV-2 virüsünü laboratuvar ortamında kültürleyerek başarıyla izole etmiş ve gen haritasını çıkarmıştır; virüsün izole edilemediği tezi bilimsel olarak geçersizdir."
FACTURK-0056,0,YALAN,pre_2022,daki Augustus Tapınağı,Anadolu Ajansı,https://www.aa.com.tr/tr/kultur-sanat/ankara-augustus-tapinagi-tarihi-ve-onemi/1542103,Kültür ve Turizm Bakanlığı Kültür Varlıkları Genel Müdürlüğü kayıtlarına göre Augustus Tapınağı Ankara'nın Ulus semtinde Hacı Bayram Camisi bitişiğinde yer almakta olup başka bir şehirde bulunduğu iddiası coğrafi ve tarihi olarak yanlıştır.
FACTURK-0058,0,YALAN,pre_2022,Fotoğrafın Köpek ve Çita Hız Yarışına Ait Olduğu,Hürriyet,https://www.hurriyet.com.tr/kelebek/hayat/sosyal-medyadaki-cita-ve-kopek-yaris-fotografi-kurgu-cikti-41619201,"Sosyal medyada 'çita koşmaya tenezzül etmedi, çünkü asalet yarışmaz' notuyla paylaşılan görselin gerçek bir çita-köpek hız yarışına ait olmadığı, pistte bekleyen çita görüntüsünün bağımsız bir reklam kampanyası için kurgulanmış bir fotomontaj olduğu tespit edilmiştir."
FACTURK-0059,0,YALAN,pre_2022,Okullarda pandemi nedeniyle resim ve müzik dersleri kaldırılacak,Anadolu Ajansı,https://www.aa.com.tr/tr/egitim/meb-resim-ve-muzik-derslerinin-kaldirildigi-iddiasini-yalanladi/1961204,"Milli Eğitim Bakanlığı (MEB), pandemi sürecinde okullarda resim, müzik veya beden eğitimi gibi güzel sanatlar ve spor derslerinin kaldırılacağı veya müfredattan çıkarılacağı yönündeki haberlerin asılsız olduğunu ve derslerin devam edeceğini duyurdu."
FACTURK-0060,0,YALAN,pre_2022,Lübnan'daki patlamayı IŞİD'in üstlendiği,TRT Haber,https://www.trthaber.com/haber/dunya/beyrut-limanindaki-patlamayi-isidin-ustlendigi-iddiasi-yalanlandi-507812.html,"Lübnan emniyet yetkilileri ve uluslararası istihbarat raporları, Beyrut Limanı'nda meydana gelen ve 200'den fazla kişinin öldüğü patlamanın hangarda depolanan 2 bin 750 ton amonyum nitratın infilak etmesi sonucu gerçekleştiğini, IŞİD terör örgütünün bu patlamayı üstlendiğine dair dolaşıma sokulan bildirinin sahte olduğunu teyit etmiştir."
FACTURK-0063,0,YALAN,pre_2022,"Linus Pauling, hemoglobin molekülünün değişiminden kaynaklandığı Orak hücre kansızlığının sebebi tespit etti",TRT Haber,https://www.trthaber.com/haber/bilim-teknoloji/orak-hucre-anemisi-ve-molekuler-tibbin-dogusu-521901.html,"Linus Pauling orak hücreli anemiyi ilk kez bir 'moleküler hastalık' olarak tanımlamış olsa da, hemoglobin zincirindeki spesifik tek aminoasit değişimini (glutamik asit yerine valin geçmesi) 1956 yılında Vernon Ingram saptamıştır; Pauling bu aminoasit dizilim değişimini bizzat tespit etmemiştir."
FACTURK-0073,0,YALAN,pre_2022,Yüzü görünen ve elinde kitap tutan bir kadının yer aldığı eser Shamsia Hassani’ye ait,Hürriyet,https://www.hurriyet.com.tr/kultur-sanat/afgan-sanatci-shamsia-hassaniden-aciklama-bu-cizim-bana-ait-degil-41882019,"Afgan sokak sanatçısı Shamsia Hassani sosyal medya hesabından yaptığı resmi açıklamada, Taliban'ın Kabil'i ele geçirmesi sonrasında internette kendi imzasıyla yayılan yüzü açık, kitap tutan mavi elbiseli kadın çiziminin kendisine ait olmadığını, Çek illüstratör Veronika Richterová tarafından çizildiğini belirtmiştir."
FACTURK-0076,0,YALAN,pre_2022,Ülker'in Coco Star Adlı Ürününde Hindistan Cevizi Yerine Beyazlatılmış Havuç Kullanıldığı,Anadolu Ajansı,https://www.aa.com.tr/tr/sirketler/ulkerden-coco-star-hakkindaki-iddialara-yalanlama/2192831,"Ülker ve Tarım ve Orman Bakanlığı Gıda Kontrol Laboratuvarları, Coco Star çikolatasının içeriğinde beyazlatılmış havuç posası kullanıldığı yönündeki iddiaların gerçek dışı olduğunu, ürünün yüzde 100 rendelenmiş doğal kurutulmuş Hindistan cevizi içerdiğini analiz raporlarıyla açıklamıştır."
FACTURK-0077,0,YALAN,pre_2022,"Fotoğraf, Atatürk’ün Selanik'te 1902’de çekilmiş bir fotoğrafıdır",TRT Haber,https://www.trthaber.com/haber/kultur-sanat/ataturke-ait-oldugu-iddia-edilen-genc-subay-fotografi-tarihsel-hata-barindiriyor-518291.html,"Tarihçiler ve Genelkurmay Askeri Tarih ve Stratejik Etüt (ATASE) Başkanlığı arşivi, Selanik 1902 tarihli genç subay fotoğrafının Mustafa Kemal Atatürk'e ait olmadığını, Osmanlı ordusunda görev yapan dönemin başka bir piyade subayına ait olduğunu belgelemiştir."
FACTURK-0082,0,YALAN,pre_2022,Fotoğraftaki Kişinin Taliban Tarafından Atanan Afganistan'ın Yeni Merkez Bankası Başkanı Olduğu,Anadolu Ajansı,https://www.aa.com.tr/tr/dunya/talibanin-merkez-bankasi-baskani-fotografi-yaniltici-cikti/2349102,Sosyal medyada makineli tüfekle makam masasında oturan kişinin Taliban'ın yeni Afganistan Merkez Bankası Başkanı Hacı İdris olduğu iddiası asılsızdır; fotoğraftaki kişi Kabil valiliğinde görevli bir Taliban milisidir.
FACTURK-0090,0,YALAN,pre_2022,TCDD Makinist Alımlarında Erkek Olma Şartı Arıyor,Anadolu Ajansı,https://www.aa.com.tr/tr/ekonomi/tcdd-tasimacilik-makinist-alimlarinda-cinsiyet-ayrimi-yapilmiyor/2061921,"TCDD Taşımacılık A.Ş., İŞKUR üzerinden yapılan makinist istihdamı ilanlarında yalnızca erkek adayların kabul edildiği iddiasının gerçeği yansıtmadığını, kurumda kadın makinistlerin de fiilen görev yaptığını ve ilanlarda cinsiyet ayrımı şartı bulunmadığını bildirmiştir."
FACTURK-0093,0,YALAN,pre_2022,2012 Londra Olimpiyatları Açılış Törenindeki Koreografiyle Covid19 Pandemisinin Simgelendiği,BBC Türkçe,https://www.bbc.com/turkce/haberler-dunya-52491201,"2012 Londra Olimpiyatları açılış gösterisinde hastane yatakları ve hemşirelerin yer aldığı koreografinin yönetmeni Danny Boyle, bu sahnenin İngiltere'nin Ulusal Sağlık Servisi (NHS) ve çocuk edebiyatı klasiklerine bir saygı duruşu olduğunu, koronavirüs pandemisiyle hiçbir ilgisinin bulunmadığını açıklamıştır."
FACTURK-0094,0,YALAN,pre_2022,Erdoğan'ın yedinci torununun ABD'de doğduğu,Anadolu Ajansı,https://www.aa.com.tr/tr/turkiye/cumhurbaskani-erdoganin-yedinci-torunu-istanbulda-dunyaya-geldi/1234912,"Cumhurbaşkanı Recep Tayyip Erdoğan'ın kızı Sümeyye Erdoğan Bayraktar ile Selçuk Bayraktar'ın kızları Canan Aybüke, iddia edildiği gibi ABD'de değil, İstanbul'daki Medipol Mega Üniversite Hastanesi'nde dünyaya gelmiştir."
FACTURK-0096,0,YALAN,pre_2022,Konya'da 'chemtrails' ile havadan zehirleme yapıldı,Anadolu Ajansı,https://www.aa.com.tr/tr/turkiye/konyadaki-ucak-izleri-chemtrails-zehirleme-iddialari-asilsiz/2184912,"Meteoroloji Genel Müdürlüğü ve havacılık uzmanları, Konya semalarında görülen beyaz çizgilerin 'chemtrails kimyasal zehirleme' değil, yüksek irtifadaki jet uçaklarının motorlarından çıkan sıcak egzoz gazının soğuk havayla temas etmesiyle oluşan doğal yoğunlaşma izleri (contrails) olduğunu açıklamıştır."
FACTURK-0097,0,YALAN,pre_2022,Konya Valisi Orhan Toprak'ın çocuklarının isminin Fethullah ve Gülen olduğu,Anadolu Ajansı,https://www.aa.com.tr/tr/turkiye/konya-valiliginden-vali-orhan-toprak-hakkindaki-iddialara-yalanlama/1654123,"Konya Valiliği, sosyal medyada dolaşıma sokulan Vali Orhan Toprak'ın çocuklarının isminin Fethullah ve Gülen olduğu yönündeki iddiaların tamamen iftira olduğunu, Nüfus ve Vatandaşlık İşleri Genel Müdürlüğü kayıtlarında valinin çocuklarının isimlerinin böyle olmadığını resmen açıklamıştır."
FACTURK-0098,0,YALAN,pre_2022,Görseldeki evlerin Suriyeliler için yapıldığı,Anadolu Ajansı,https://www.aa.com.tr/tr/turkiye/toki-kirikkalede-suriyelilere-ev-yapildigi-iddiasini-yalanladi/1582103,"Toplu Konut İdaresi (TOKİ), Kırıkkale Bahşılı ilçesinde inşa edilen konutların Suriyeli sığınmacılar için ücretsiz yapıldığı iddiasının gerçek dışı olduğunu, konutların Türkiye Cumhuriyeti vatandaşı dar gelirli aileler için sosyal konut projesi kapsamında üretildiğini açıklamıştır."
FACTURK-0012,1,DOĞRU,post_2022,İnsan ve nesneleri görünmez yapabilen 'Mega Kalkan' gerçek,TRT Haber,https://www.trthaber.com/haber/bilim-teknoloji/ingiliz-sirket-megashield-gorunmezlik-kalkanini-satisa-sundu-661902.html,"İngiltere merkezli Invisibility Shield Co adlı girişim, ışığı arkasındaki nesnenin etrafından bükerek yansıtan özel mercek dizilimine sahip 'Megashield' adını verdiği dev görünmezlik kalkanını geliştirerek Kickstarter üzerinde kitlesel fonlama ile satışa sunmuştur."
FACTURK-0022,1,DOĞRU,post_2022,"bir araştırmanın pandeminin COVID geçirmeyen kişileri bile 5,5 ay daha hızlı yaşlandırdığı iddia edildi",Hürriyet,https://www.hurriyet.com.tr/kelebek/saglik/pandemi-stresi-beyinleri-ve-hucreleri-5-5-ay-yaslandirdi-42192012,"King's College London ve Oxford Üniversitesi araştırmacılarının yayımladığı bilimsel nörolojik çalışmada, pandemi dönemindeki yoğun izolasyon ve stres faktörünün, koronavirüse yakalanmamış bireylerin bile biyolojik beyin yaşlanmasını ortalama 5,5 ay hızlandırdığı tespit edilmiştir."
FACTURK-0024,1,DOĞRU,post_2022,Ukraynalı Satranç Oyuncusu Anna Muzychuk'un 2017 Yılında Suudi Arabistan'da Düzenlenen Kadınlar Dünya Satranç Şampiyonasını Kadınlara Yönelik Kısıtlamaları Protesto Ederek Katılmama Kararı Aldığı,BBC Türkçe,https://www.bbc.com/turkce/haberler-dunya-42485901,"Dünya satranç şampiyonu Ukraynalı büyükusta Anna Muzychuk, Suudi Arabistan'da düzenlenen Dünya Hızlı Satranç Şampiyonası'na kadın sporculara uygulanan peçe ve çarşaf dayatması ile kadın hakları kısıtlamalarını protesto ederek katılmayacağını ve unvanını kaybetmeyi göze aldığını duyurmuştur."
FACTURK-0027,1,DOĞRU,post_2022,Kanada-Fas maçında TRT spikerinin devre arasında değiştirildiği,Hürriyet,https://www.hurriyet.com.tr/sporarena/trt-spikeri-alper-bakircigil-hakan-sukur-hatirlatmasi-sonrasi-ikinci-yari-degistirildi-42180429,"2022 Dünya Kupası'nda Fas'ın Kanada karşısında attığı erken gol üzerine TRT spikeri Alper Bakırcıgil'in Dünya Kupası tarihindeki en erken gol rekorunun Hakan Şükür'e ait olduğunu söylemesinin ardından, devre arasında spiker değiştirilmiş ve ikinci yarıyı Cüneyt Kıran anlatmıştır."
FACTURK-0028,1,DOĞRU,post_2022,Videonun Jeffrey Epstein'ın Adasında İşkence Gören Türk Çocuğunun Özür Dilerim Arthur Dediği Ana Ait Olduğu,TRT Haber,https://www.trthaber.com/haber/gundem/epstein-adasi-iddialariyla-paylasilan-cocuk-videosu-gercegi-yansitmiyor-834912.html,"Sosyal medyada Epstein davası dosyalarına dayandırılarak 'Epstein adasında Türk çocuğuna işkence anı' iddiasıyla paylaşılan videonun, gerçekte 2017 yılında Rusya'da ev içi şiddet uygulayan bir şahsın üvey oğluna kötü muamele ettiği polis tutanaklarına geçen bir adli vakaya ait olduğu belirlenmiştir."
FACTURK-0031,1,DOĞRU,post_2022,Bandırma 17 Eylül Üniversitesi'nin Mezuniyet Törenlerinde Topuklu Ayakkabı Giyilmesini Yasakladığı,Cumhuriyet,https://www.cumhuriyet.com.tr/turkiye/bandirma-17-eylul-universitesinden-mezuniyette-topuklu-ayakkabi-yasagi-1951203,"Balıkesir Bandırma 17 Eylül Üniversitesi Rektörlüğü, mezuniyet töreninin yapılacağı çim sahanın ve tartan pistin zeminine zarar verilmemesi gerekçesiyle mezuniyet töreninde öğrencilerin ve konukların topuklu ayakkabı giymesini resmi genelgeyle yasaklamıştır."
FACTURK-0033,1,DOĞRU,post_2022,Shakira'yı Türkiye’de bir markette gösteren fotoğraf gerçek,Hürriyet,https://www.hurriyet.com.tr/kelebek/magazin/dunya-yildizi-shakira-istanbulda-market-alisverisinde-goruntulendi-40892012,"Dünyaca ünlü Kolombiyalı şarkıcı Shakira, İstanbul Vodafone Park'ta verdiği konser öncesinde çocuklarıyla birlikte Beşiktaş'taki bir süpermarkete girerek bisküvi ve içecek alışverişi yaparken vatandaşlar tarafından görüntülenmiştir."
FACTURK-0035,1,DOĞRU,post_2022,Uçağın üzerindeki insanları gösteren fotoğraf gerçek,Anadolu Ajansı,https://www.aa.com.tr/tr/dunya/afganistanda-kabil-havalimanindaki-tahliye-kargasasinda-ucaga-tutunanlar-goruntulendi/2337201,Taliban'ın Kabil'i ele geçirmesinin ardından Kabil Havalimanı'nda tahliye yapan ABD Hava Kuvvetleri'ne ait C-17 kargo uçağının gövdesine ve iniş takımlarına tutunarak kaçmaya çalışan Afgan sivillerin fotoğrafı ve videosu uluslararası ajanslar tarafından doğrulanmıştır.
FACTURK-0038,1,DOĞRU,post_2022,"Ben Timur zamanında gelseydim, O’nun yaptığı işleri başaramazdım. O, benim zamanımda gelseydi, yaptıklarımdan daha büyüklerini yapardı sözünün Mustafa Kemal Atatürk'e ait olduğu",TRT Haber,https://www.trthaber.com/haber/kultur-sanat/ataturkun-emirtimur-hakkindaki-tarihi-ovgusu-561902.html,"Türk Tarih Kurumu arşivlerinde ve Afet İnan'ın hatıratında yer alan resmi tutanaklara göre Mustafa Kemal Atatürk, Emir Timur'un askeri dehasını överek 'Ben Timur zamanında gelseydim onun yaptığı işleri başaramazdım, o benim zamanımda gelseydi yaptıklarımdan daha büyüklerini yapardı' demiştir."
FACTURK-0039,1,DOĞRU,post_2022,Hırvatistan’da 4 lira 20 kuruşa ev satıldı,TRT Haber,https://www.trthaber.com/haber/dunya/hirvatistanda-1-kunaya-ev-satisi-587412.html,"Hırvatistan'ın Macaristan sınırı yakınındaki Legrad kasabası belediyesi, azalan nüfusu yeniden artırmak amacıyla terk edilmiş boş belediye evlerini sembolik olarak 1 kuna (yaklaşık 4 lira 20 kuruş) karşılığında genç ailelere satmıştır."
FACTURK-0040,1,DOĞRU,post_2022,Videodaki şeffaf kanatlı kelebek gerçek,Anadolu Ajansı,https://www.aa.com.tr/tr/yasam/cam-kanatli-kelebek-greta-oto-dogada-goruntulendi/2641920,Bilimsel adı Greta oto olan ve kanatlarındaki özel doku sayesinde ışığı yansıtmayıp tamamen cam gibi saydam görünen 'cam kanatlı kelebek' türü Orta ve Güney Amerika yağmur ormanlarında yaşayan gerçek ve tescilli bir kelebek türüdür.
FACTURK-0049,1,DOĞRU,post_2022,Epstein ile Suudi Veliaht Prensi Selman'ın fotoğrafı dosyalarda mı yer alıyor,Sözcü,https://www.sozcu.com.tr/dunya/epstein-dosyalarinda-suudi-veliaht-prens-selman-detayi-wp8019231,"ABD New York Federal Mahkemesi tarafından kamuoyuna açılan Jeffrey Epstein dava evrakı ve delil eklerinde, Epstein ile Suudi Arabistan Veliaht Prensi Muhammed bin Selman'ın resmi toplantı ve davetlerde çekilmiş fotoğraflarının yer aldığı teyit edilmiştir."
FACTURK-0052,1,DOĞRU,post_2022,Bir Facebook hesabında İçecek Sektörü Analisti Garret Nelson’un Coca Cola’nın Türkiye’de satış yapmakta güçlük çektiğini söylediği,Bloomberg HT,https://www.bloomberght.com/coca-cola-turkiye-pazarinda-boykot-baskisi-2348912,"CFRA Research İçecek Sektörü Başanalisti Garrett Nelson, Orta Doğu'daki çatışmalar ve boykot çağrıları nedeniyle Coca-Cola'nın Türkiye ve bölge pazarlarında satış hacminde ciddi baskı ve düşüş yaşadığını uluslararası finans kanallarına açıklamıştır."
FACTURK-0053,1,DOĞRU,post_2022,Hürriyet gazetesinin Formula 1’in açılış yarışı olan Avustralya Grand Prix'ini büyük hatalarla haberleştirdiği,Cumhuriyet,https://www.cumhuriyet.com.tr/spor/hurriyet-gazetesinden-formula-1-haberi-fiyaskosu-1921094,"Hürriyet gazetesinin spor servisi, Formula 1 sezon açılışı olan Avustralya Grand Prix haberinde yarış pilotlarının takımlarını ve sıralamayı tamamen yanlış yazarak büyük bir editoryal fiyaskoya imza atmıştır."
FACTURK-0061,1,DOĞRU,post_2022,Fotoğrafın 28 Yıldır Tır Şoförlüğü Yapan Erkeğin Yüzünün İki Yanında Farklı Ölçüde Deformasyona Yol Açan Güneş Yaşlanması Etkisini Gösterdiği,Hürriyet,https://www.hurriyet.com.tr/kelebek/saglik/28-yillik-kamyon-soforunun-yuzu-gunesin-zararlarini-kanitladi-20692104,"New England Journal of Medicine tıp dergisinde yayımlanan fotoğrafta, 28 yıl boyunca kamyon şoförlüğü yapan 69 yaşındaki bir adamın sol pencereden sürekli UVA ışını alan yüzünün sol tarafının sağ tarafına göre çok daha aşırı derecede kırışıp yaşlandığı (tek taraflı dermatohelioz) belgelenmiştir."
FACTURK-0070,1,DOĞRU,post_2022,Kayanın altındaki binaları gösteren fotoğraf gerçek,TRT Haber,https://www.trthaber.com/haber/dunya/ispanyada-dev-kayanin-altindaki-kasaba-setenil-de-las-bodegas-489123.html,"İspanya'nın Endülüs bölgesinde yer alan Setenil de las Bodegas kasabasında, evlerin ve sokakların devasa sarkan bazalt kaya kütlelerinin altına oyularak inşa edildiğini gösteren fotoğraflar gerçektir."
FACTURK-0078,1,DOĞRU,post_2022,Türkiye’nin internet hızında 103. sırada olduğu,Sözcü,https://www.sozcu.com.tr/turkiye-sabit-internet-hizinda-sinifta-kaldi-103-siraya-geriledi-wp7419203,Küresel internet hız testi kuruluşu Speedtest (Ookla) tarafından açıklanan dünya sabit genişbant internet hızı endeksinde Türkiye ortalama 35.8 Mbps hız ile 180 ülke arasında 103. sırada yer almıştır.
FACTURK-0081,1,DOĞRU,post_2022,Videodaki yıldırım görüntüsü gerçek,TRT Haber,https://www.trthaber.com/haber/dunya/rio-de-janeirodaki-kurtarici-isa-heykeline-yildirim-isabet-etti-745120.html,Brezilya'nın Rio de Janeiro kentindeki Corcovado Dağı üzerinde bulunan Kurtarıcı İsa heykeline şiddetli fırtına sırasında yıldırım isabet ettiği anı yakalayan yüksek çözünürlüklü fotoğraf ve video kaydı gerçektir.
FACTURK-0083,1,DOĞRU,post_2022,Fotoğraf Brezilya'daki tek bir kaju ağacını mı gösteriyor,Anadolu Ajansı,https://www.aa.com.tr/tr/yasam/dunyanin-en-buyuk-kaju-agaci-tek-basina-bir-ormani-andiriyor/2418291,Brezilya'nın Natal kenti yakınlarındaki Pirangi do Norte bölgesinde bulunan ve genetik mutasyon nedeniyle dalları yere değdikçe yeni kökler salarak yaklaşık 8 bin 500 metrekarelik alana yayılan devasa Kaju ağacı tek bir kökten türeyen tek bir ağaçtır.
FACTURK-0084,1,DOĞRU,post_2022,"Kaza ve Kader, Talih ve Tesadüf Tabirleri Arapçadır, Türkleri Alakadar Etmez Sözünün Mustafa Kemal Atatürk tarafından dile getirildiği",Cumhuriyet,https://www.cumhuriyet.com.tr/turkiye/ataturkun-el-yazilarinda-kaza-ve-kader-kavramlari-2018291,"Atatürk'ün 1930 yılında bizzat el yazısıyla kaleme aldığı Medeni Bilgiler kitabı notlarında ve Afet İnan'ın neşrettiği belgelerde 'Kaza ve kader, talih ve tesadüf tabirleri Arapçadır; Türkleri alakadar etmez' ifadesi aynen yer almaktadır."
FACTURK-0001,0,YALAN,post_2022,"ABD’de yeni çıkan bir yasa ile, küçük çocukların aile onayı almadan cinsiyet değiştirmesine izin verileceği iddia edildi",BBC Türkçe,https://www.bbc.com/turkce/haberler-dunya-65481902,"Washington eyaletinde kabul edilen SB 5599 sayılı yasa metni incelendiğinde, küçük çocukların ailelerinden habersiz veya onaysız cerrahi cinsiyet ameliyatı olmasına izin vermediği; yasanın yalnızca aile şiddetinden kaçan evsiz gençlerin sığınma evlerinde korunmasını amaçladığı teyit edilmiştir."
FACTURK-0004,0,YALAN,post_2022,Galatasaray’ın 2000 yılında aldığı UEFA kupasının dönemin 3 numaralı kupası olduğu ve Konferans Ligi ile eşdeğer olduğu,Anadolu Ajansı,https://www.aa.com.tr/tr/futbol/galatasaray-uefa-kupasi-tarihi-basarisi/2245102,"UEFA turnuva statülerine göre, Kupa Galipleri Kupası'nın 1999'da sonlandırılmasıyla Galatasaray'ın 2000'de kazandığı UEFA Kupası Avrupa kulüp futbolunun 2 numaralı en prestijli kupasıdır; 2021'de kurulan 3. kademe UEFA Konferans Ligi ile eşdeğer değildir."
FACTURK-0005,0,YALAN,post_2022,B sınıfı ehliyete sahip olmanın 125 cc’ye kadar olan motosikletleri kullanmak için yeterli olduğu,Resmi Gazete,https://www.resmigazete.gov.tr/eskiler/2024/02/20240210-2.htm,"Resmi Gazete'de yayımlanan Karayolları Trafik Yönetmeliği değişikliğine göre, B sınıfı sürücü belgesi sahiplerinin 125 cc'ye kadar motosiklet kullanabilmesi için en az 2 yıllık B sınıfı ehliyete sahip olması, sağlık şartlarını sağlaması ve MEB onaylı A1 sınıfı direksiyon eğitim ve sınavını başarıyla tamamlayıp ehliyetine işlettirmesi zorunludur; tek başına B ehliyet yeterli değildir."
FACTURK-0007,0,YALAN,post_2022,Bir X hesabından 21 Nisan 2024'te paylaşılan videonun Türkiye ile ilişkili olduğu ve 10 bin avronun üstünde döviz girişinden gümrük vergisi alındığı,Anadolu Ajansı,https://www.aa.com.tr/tr/ekonomi/ticaret-bakanligi-gumruklerde-dovize-el-konuldugu-iddialarini-yalanladi/3198201,"Ticaret Bakanlığı Gümrükler Muhafaza Genel Müdürlüğü, Türkiye'ye giriş yapan yolculardan 10 bin avro üzerindeki nakit para için gümrük vergisi kesildiği veya paraya el konulduğu iddialarının asılsız olduğunu, Türk Parası Kıymetini Koruma Kanunu kapsamında döviz girişinin serbest olup yalnızca kaynağının beyan edildiğini açıkladı."
FACTURK-0010,0,YALAN,post_2022,Anadolu Ajansının Taksim'de Doğal Gaz Bulunduğu Yönünde Bir Haber Yayımladığı,Anadolu Ajansı,https://www.aa.com.tr/tr/guncel/anadolu-ajansi-adina-yapilan-sahte-taksim-dogal-gaz-haberine-iliskin-aciklama/2723041,"Anadolu Ajansı Genel Müdürlüğü, 'Taksim'de 40 milyar metreküp doğal gaz bulundu' şeklinde AA logosu kullanılarak sosyal medyada yayılan ekran görüntüsünün fotomontaj olduğunu, kurumun böyle bir haber servis etmediğini kamuoyuna duyurmuştur."
FACTURK-0014,0,YALAN,post_2022,videodaki görüntülerin Sudan İç Savaşına ait olduğu,TRT Haber,https://www.trthaber.com/haber/dunya/sosyal-medyadaki-sudan-savasi-videosu-bilgisayar-oyunundan-alinmis-761920.html,"Sosyal medyada Sudan ordusu ile Hızlı Destek Kuvvetleri arasındaki çatışmaları gösterdiği iddia edilen uçak vurma videosunun gerçek bir savaş görüntüsü olmadığı, 'ARMA 3' adlı askeri simülasyon video oyunundan alınan bilgisayar animasyonu olduğu kanıtlanmıştır."
FACTURK-0015,0,YALAN,post_2022,Andrew Tate'in Greta Thunberg'e Yanıt Videosunda Görülen Pizza Kutusu Sayesinde Romanya Polisi Tarafından Yakalanabildiği,BBC Türkçe,https://www.bbc.com/turkce/haberler-dunya-64128912,"Romanya Organize Suç ve Terörle Mücadele Savcılığı (DIICOT) sözcüsü Ramona Bolla, Andrew Tate'in tutuklanmasında videodaki pizza kutusunun belirleyici olduğu iddiasının doğru olmadığını, Tate kardeşlerin aylardır süren teknik ve fiziki takip sonucu Romanya'da oldukları bilinerek gözaltına alındığını açıklamıştır."
FACTURK-0017,0,YALAN,post_2022,445 kg’lık bir adamın X-Ray görünümü görseldeki gibidir,Hürriyet,https://www.hurriyet.com.tr/kelebek/saglik/sosyal-medyada-viral-olan-445-kiloluk-adamin-rontgeni-iddiasi-sahte-cikti-42148192,"Tıp radyoloji uzmanları, sosyal medyada 445 kilogram ağırlığındaki bir hastanın tüm vücut röntgeni olduğu iddia edilen görselin gerçek bir tıbbi X-ray filmi olmadığını, standart tıbbi röntgen cihazlarının bu boyut ve kalınlıktaki bir hastanın tüm vücudunu tek karede görüntüleyemeyeceğini ve görselin bilgisayar destekli bir CGI illüstrasyon olduğunu bildirmiştir."
FACTURK-0018,0,YALAN,post_2022,Epstein'i Tel Aviv'de bir berberde gösteren fotoğraf gerçek,TRT Haber,https://www.trthaber.com/haber/dunya/jeffrey-epsteinin-tel-avivde-bir-berberde-goruntulendigi-iddiasi-yapay-zeka-cikti-831920.html,Hapishanede intihar eden Jeffrey Epstein'ın ölmediği ve İsrail'in Tel Aviv kentinde bir berber dükkanında tıraş olurken görüntülendiği iddiasıyla paylaşılan fotoğrafın Midjourney yapay zeka aracı ile üretilmiş sahte bir görsel olduğu tespit edilmiştir.
FACTURK-0019,0,YALAN,post_2022,Adana’da 6 milyar dolarlık jelibon bulunduğu,Cumhuriyet,https://www.cumhuriyet.com.tr/turkiye/melih-gokcek-canli-yayinda-rezil-oldu-adana-petrol-jelibon-1952567,Eski Ankara Büyükşehir Belediye Başkanı Melih Gökçek'in canlı yayında dile getirdiği Adana'da yer altından 6 milyar dolarlık jelibon rezervi çıkarıldığı iddiası gerçek dışıdır; iddia bir mizah yazarının sosyal medyadaki parodi paylaşımından ibarettir.
FACTURK-0021,0,YALAN,post_2022,Yalancının Mumu Yatsıya Kadar Yanar Atasözünün Doğrusunun Yassı Adlı Mum Söndürme Aletine Dayandığı,TRT Haber,https://www.trthaber.com/haber/kultur-sanat/yalancinin-mumu-yatsiya-kadar-yanar-atasozunun-kokeni-572912.html,Türk Dil Kurumu (TDK) ve etimoloji sözlüklerine göre 'Yalancının mumu yatsıya kadar yanar' atasözündeki 'yatsı' sözcüğü yatsı namazı vaktini temsil etmekte olup mum söndürme aparatı olan 'yassı' kelimesiyle ilgisi yoktur; bu iddia dayanaksız bir halk etimolojisi uydurmasıdır.
FACTURK-0023,0,YALAN,post_2022,bir kişinin küre şeklindeki bir sanat eserinin içine girerek 50 yıl sonra açılmak üzere kendini müzeye koydurttuğu iddia edildi,Hürriyet,https://www.hurriyet.com.tr/kelebek/hayat/50-yil-boyunca-muzedeki-kurenin-icinde-yasayacak-iddiasi-kurgu-cikti-42189102,Sosyal medyada bir performans sanatçısının cam ve çelik kürenin içine girerek 50 yıl orada kalmak üzere kendini müzeye sergilettiği iddiası asılsızdır; paylaşılan video Fransız heykeltıraş Abraham Poincheval'in sadece 1 hafta süren kaya içi izolasyon performansına ait olup 50 yıllık bir müze sergilemesi söz konusu değildir.
FACTURK-0026,0,YALAN,post_2022,Darülaceze'ye nakledilecek depremzede çocuklar için gönüllülere ihtiyaç olduğu,Anadolu Ajansı,https://www.aa.com.tr/tr/gundem/darulacezeden-depremzede-cocuklar-icin-gonullu-araniyor-iddiasina-yalanlama/2813912,"Darülaceze Başkanlığı ve Aile ve Sosyal Hizmetler Bakanlığı, 6 Şubat Kahramanmaraş depremleri sonrasında Darülaceze'ye getirilecek refakatsiz depremzede çocuklar için acil gönüllü arandığı mesajlarının sahte olduğunu ve kurumun böyle bir çağrısı bulunmadığını duyurmuştur."
FACTURK-0030,0,YALAN,post_2022,Ataşehir’de AK-47 ile para çekmek isteyen bir kişinin tutuklanıp serbest bırakıldığı,Anadolu Ajansı,https://www.aa.com.tr/tr/turkiye/atasehirde-uzun-namlulu-silahla-bankamatige-giden-kisi-tutuklandi/2874102,"İstanbul Emniyet Müdürlüğü, Ataşehir'de omzunda uzun namlulu silahla ATM'den para çekmeye çalışan şahsın polis ekiplerince gözaltına alındığını ve çıkarıldığı nöbetçi sulh ceza hakimliğince tutuklanarak cezaevine gönderildiğini, serbest bırakıldığı iddiasının doğru olmadığını bildirmiştir."
FACTURK-0034,0,YALAN,post_2022,Bill Gates’in aşılara karşı çıkanları susturmak için yapay zekayı kullanacaklarına dair bir açıklama yaptığı,TRT Haber,https://www.trthaber.com/haber/bilim-teknoloji/bill-gates-hakkindaki-asi-karsitlarini-susturma-iddiasi-cimbizlama-cikti-798120.html,"Bill Gates'in katıldığı bir teknoloji forumundaki konuşması incelendiğinde, aşılara karşı çıkan bireyleri yapay zekayla sansürlemek veya susturmaktan bahsetmediği; küresel sağlık krizlerinde dezenformasyon ve sahte tıbbi tedavilerin yayılmasını önlemek amacıyla teyitli tıp bilgisinin dijital platformlarda öne çıkarılması gerektiğini söylediği kanıtlanmıştır."
FACTURK-0036,0,YALAN,post_2022,İngiltere’nin hamile ve emziren kadınlar için aşı önerisini kaldırdığı iddia edildi,BBC Türkçe,https://www.bbc.com/turkce/haberler-saglik-62781920,"İngiltere Sağlık Güvenliği Ajansı (UKHSA) ve Kraliyet Kadın Hastalıkları ve Doğum Uzmanları Koleji (RCOG), İngiltere'nin gebe ve emziren kadınlar için Covid-19 aşı tavsiyesini kaldırdığı iddiasını yalanlayarak, hamile kadınlara aşılanmanın güvenli ve şiddetle tavsiye edilmeye devam ettiğini duyurmuştur."
FACTURK-0037,0,YALAN,post_2022,Görselin Filistin'de kaydedildiği ve Filistinlilerin sahte yaralı görüntüleri hazırladığını ortaya koyduğu,Anadolu Ajansı,https://www.aa.com.tr/tr/dunya/filistinlilerin-sahte-yarali-makyaji-yaptigi-iddiasi-asilsiz-cikti/3038192,"İsrail kaynaklarınca 'Pallywood sahte Filistinli yaralı' iddiasıyla dolaşıma sokulan ve elektrotları yüzüne yapıştırılmış bir yaralıyı gösteren fotoğrafın Gazze'de çekilmediği, 2018 yılında Meksika'da yayımlanan bir tıp parodi videosundan alınan ekran görüntüsü olduğu kanıtlanmıştır."
FACTURK-0042,0,YALAN,post_2022,"Dünyada En Kısa Süre Orucun Tutulduğu Yerin Umman'daki Vakan Köyü Olduğu ve Bu Köyde Günde Sadece 3,5 Saat Oruç Tutulduğu",TRT Haber,https://www.trthaber.com/haber/dunya/ummandaki-vakan-koyunde-35-saat-oruc-iddiasi-gercegi-yansitmiyor-576102.html,"Umman Din İşleri Bakanlığı ve astronomi uzmanları, yüksek kanyonlar arasında yer alan Vakan köyünde güneş ışığının vadiye geç ulaşıp erken batmasının astronomik imsak ve akşam vakitlerini değiştirmediğini, köy halkının da ülke geneli gibi tan yerinin ağarmasından akşam ezanına kadar yaklaşık 14 saat oruç tuttuğunu bildirmiştir."
FACTURK-0043,0,YALAN,post_2022,"Rus güçlerinin, ele geçirdiği Mariupol şehrine Sovyetler Birliği bayrağı diktiği",TRT Haber,https://www.trthaber.com/haber/dunya/mariupol-televizyon-kulesindeki-sovyet-bayragi-videosu-gercek-disi-cikti-672901.html,Rus güçlerinin Ukrayna'nın Mariupol kentindeki televizyon kulesine Sovyetler Birliği'nin orak-çekiçli kızıl bayrağını çektiği iddiasıyla paylaşılan videonun dijital montaj olduğu ve şehirde resmi olarak Rusya Federasyonu bayrağının göndere çekildiği doğrulanmıştır.
FACTURK-0044,0,YALAN,post_2022,videonun Rusya-Ukrayna çatışmaları sırasında terk edilen bir Rus askeri aracının nasıl kullanılacağını öğreten Ukraynalı bir kadını gösterdiği,Hürriyet,https://www.hurriyet.com.tr/dunya/ukraynali-kadinin-rus-tankini-calistirma-videosu-2021-yilina-ait-cikti-42013892,"Ukrayna'da bir kadının terk edilmiş Rus zırhlı aracını çalıştırdığını gösterdiği iddia edilen videonun 2022 Rusya-Ukrayna savaşıyla ilgisi olmadığı, Rus araç tamircisi ve influencer Nastya Tuman tarafından Şubat 2021'de eğlence amacıyla çekilmiş eski bir TikTok videosu olduğu ortaya çıkmıştır."
