claim_id,gold_verdict,llm_verdict,confidence,reasoning
FACTURK-0001,YALAN,YALAN,0.75,Mock evaluation response
FACTURK-0002,YALAN,YALAN,0.75,Mock evaluation response
FACTURK-0003,DOĞRU,YALAN,0.75,Mock evaluation response
FACTURK-0004,YALAN,YALAN,0.75,Mock evaluation response
FACTURK-0005,YALAN,YALAN,0.75,Mock evaluation response
FACTURK-0006,YALAN,YALAN,0.75,Mock evaluation response
FACTURK-0007,YALAN,YALAN,0.75,Mock evaluation response
FACTURK-0008,DOĞRU,YALAN,0.75,Mock evaluation response
FACTURK-0009,DOĞRU,YALAN,0.75,Mock evaluation response
FACTURK-0010,YALAN,YALAN,0.75,Mock evaluation response
FACTURK-0011,YALAN,YALAN,0.75,Mock evaluation response
FACTURK-0012,DOĞRU,YALAN,0.75,Mock evaluation response
FACTURK-0013,DOĞRU,YALAN,0.75,Mock evaluation response
FACTURK-0014,YALAN,YALAN,0.75,Mock evaluation response
FACTURK-0015,YALAN,YALAN,0.75,Mock evaluation response
FACTURK-0016,DOĞRU,YALAN,0.75,Mock evaluation response
FACTURK-0017,YALAN,YALAN,0.75,Mock evaluation response
FACTURK-0018,YALAN,YALAN,0.75,Mock evaluation response
FACTURK-0019,YALAN,YALAN,0.75,Mock evaluation response
FACTURK-0020,YALAN,YALAN,0.75,Mock evaluation response
FACTURK-0021,YALAN,YALAN,0.75,Mock evaluation response
FACTURK-0022,DOĞRU,YALAN,0.75,Mock evaluation response
FACTURK-0023,YALAN,YALAN,0.75,Mock evaluation response
FACTURK-0024,DOĞRU,YALAN,0.75,Mock evaluation response
FACTURK-0025,YALAN,YALAN,0.75,Mock evaluation response
FACTURK-0026,YALAN,YALAN,0.75,Mock evaluation response
FACTURK-0027,DOĞRU,YALAN,0.75,Mock evaluation response
FACTURK-0028,DOĞRU,YALAN,0.75,Mock evaluation response
FACTURK-0029,DOĞRU,YALAN,0.75,Mock evaluation response
FACTURK-0030,YALAN,YALAN,0.75,Mock evaluation response
FACTURK-0031,DOĞRU,YALAN,0.75,Mock evaluation response
FACTURK-0032,DOĞRU,YALAN,0.75,Mock evaluation response
FACTURK-0033,DOĞRU,YALAN,0.75,Mock evaluation response
FACTURK-0034,YALAN,YALAN,0.75,Mock evaluation response
FACTURK-0035,DOĞRU,YALAN,0.75,Mock evaluation response
FACTURK-0036,YALAN,YALAN,0.75,Mock evaluation response
FACTURK-0037,YALAN,YALAN,0.75,Mock evaluation response
FACTURK-0038,DOĞRU,YALAN,0.75,Mock evaluation response
FACTURK-0039,DOĞRU,YALAN,0.75,Mock evaluation response
FACTURK-0040,DOĞRU,YALAN,0.75,Mock evaluation response
FACTURK-0041,DOĞRU,YALAN,0.75,Mock evaluation response
FACTURK-0042,YALAN,YALAN,0.75,Mock evaluation response
FACTURK-0043,YALAN,YALAN,0.75,Mock evaluation response
FACTURK-0044,YALAN,YALAN,0.75,Mock evaluation response
FACTURK-0045,YALAN,YALAN,0.75,Mock evaluation response
FACTURK-0046,DOĞRU,YALAN,0.75,Mock evaluation response
FACTURK-0047,DOĞRU,YALAN,0.75,Mock evaluation response
FACTURK-0048,YALAN,YALAN,0.75,Mock evaluation response
FACTURK-0049,DOĞRU,YALAN,0.75,Mock evaluation response
FACTURK-0050,YALAN,YALAN,0.75,Mock evaluation response
FACTURK-0051,YALAN,YALAN,0.75,Mock evaluation response
FACTURK-0052,DOĞRU,YALAN,0.75,Mock evaluation response
FACTURK-0053,DOĞRU,YALAN,0.75,Mock evaluation response
FACTURK-0054,YALAN,YALAN,0.75,Mock evaluation response
FACTURK-0055,DOĞRU,YALAN,0.75,Mock evaluation response
FACTURK-0056,YALAN,YALAN,0.75,Mock evaluation response
FACTURK-0057,YALAN,YALAN,0.75,Mock evaluation response
FACTURK-0058,YALAN,YALAN,0.75,Mock evaluation response
FACTURK-0059,YALAN,YALAN,0.75,Mock evaluation response
FACTURK-0060,YALAN,YALAN,0.75,Mock evaluation response
FACTURK-0061,DOĞRU,YALAN,0.75,Mock evaluation response
FACTURK-0062,YALAN,YALAN,0.75,Mock evaluation response
FACTURK-0063,YALAN,YALAN,0.75,Mock evaluation response
FACTURK-0064,YALAN,YALAN,0.75,Mock evaluation response
FACTURK-0065,DOĞRU,YALAN,0.75,Mock evaluation response
FACTURK-0066,DOĞRU,YALAN,0.75,Mock evaluation response
FACTURK-0067,YALAN,YALAN,0.75,Mock evaluation response
FACTURK-0068,YALAN,YALAN,0.75,Mock evaluation response
FACTURK-0069,DOĞRU,YALAN,0.75,Mock evaluation response
FACTURK-0070,DOĞRU,YALAN,0.75,Mock evaluation response
FACTURK-0071,YALAN,YALAN,0.75,Mock evaluation response
FACTURK-0072,DOĞRU,YALAN,0.75,Mock evaluation response
FACTURK-0073,YALAN,YALAN,0.75,Mock evaluation response
FACTURK-0074,DOĞRU,YALAN,0.75,Mock evaluation response
FACTURK-0075,YALAN,YALAN,0.75,Mock evaluation response
FACTURK-0076,YALAN,YALAN,0.75,Mock evaluation response
FACTURK-0077,YALAN,YALAN,0.75,Mock evaluation response
FACTURK-0078,DOĞRU,YALAN,0.75,Mock evaluation response
FACTURK-0079,YALAN,YALAN,0.75,Mock evaluation response
FACTURK-0080,YALAN,YALAN,0.75,Mock evaluation response
FACTURK-0081,DOĞRU,YALAN,0.75,Mock evaluation response
FACTURK-0082,YALAN,YALAN,0.75,Mock evaluation response
FACTURK-0083,DOĞRU,YALAN,0.75,Mock evaluation response
FACTURK-0084,DOĞRU,YALAN,0.75,Mock evaluation response
FACTURK-0085,DOĞRU,YALAN,0.75,Mock evaluation response
FACTURK-0086,DOĞRU,YALAN,0.75,Mock evaluation response
FACTURK-0087,DOĞRU,YALAN,0.75,Mock evaluation response
FACTURK-0088,DOĞRU,YALAN,0.75,Mock evaluation response
FACTURK-0089,DOĞRU,YALAN,0.75,Mock evaluation response
FACTURK-0090,YALAN,YALAN,0.75,Mock evaluation response
FACTURK-0091,DOĞRU,YALAN,0.75,Mock evaluation response
FACTURK-0092,YALAN,YALAN,0.75,Mock evaluation response
FACTURK-0093,YALAN,YALAN,0.75,Mock evaluation response
FACTURK-0094,YALAN,YALAN,0.75,Mock evaluation response
FACTURK-0095,DOĞRU,YALAN,0.75,Mock evaluation response
FACTURK-0096,YALAN,YALAN,0.75,Mock evaluation response
FACTURK-0097,YALAN,YALAN,0.75,Mock evaluation response
FACTURK-0098,YALAN,YALAN,0.75,Mock evaluation response
FACTURK-0099,YALAN,YALAN,0.75,Mock evaluation response
FACTURK-0100,DOĞRU,YALAN,0.75,Mock evaluation response
FACTURK-0101,YALAN,YALAN,0.75,Mock evaluation response
FACTURK-0102,YALAN,YALAN,0.75,Mock evaluation response
FACTURK-0103,YALAN,YALAN,0.75,Mock evaluation response
FACTURK-0104,DOĞRU,YALAN,0.75,Mock evaluation response
FACTURK-0105,DOĞRU,YALAN,0.75,Mock evaluation response
FACTURK-0106,DOĞRU,YALAN,0.75,Mock evaluation response
FACTURK-0107,YALAN,YALAN,0.75,Mock evaluation response
FACTURK-0108,DOĞRU,YALAN,0.75,Mock evaluation response
FACTURK-0109,YALAN,YALAN,0.75,Mock evaluation response
FACTURK-0110,YALAN,YALAN,0.75,Mock evaluation response
FACTURK-0111,DOĞRU,YALAN,0.75,Mock evaluation response
FACTURK-0112,YALAN,YALAN,0.75,Mock evaluation response
FACTURK-0113,YALAN,YALAN,0.75,Mock evaluation response
FACTURK-0114,DOĞRU,YALAN,0.75,Mock evaluation response
FACTURK-0115,DOĞRU,YALAN,0.75,Mock evaluation response
FACTURK-0116,DOĞRU,YALAN,0.75,Mock evaluation response
FACTURK-0117,DOĞRU,YALAN,0.75,Mock evaluation response
FACTURK-0118,DOĞRU,YALAN,0.75,Mock evaluation response
FACTURK-0119,YALAN,YALAN,0.75,Mock evaluation response
FACTURK-0120,YALAN,YALAN,0.75,Mock evaluation response
FACTURK-0121,YALAN,YALAN,0.75,Mock evaluation response
FACTURK-0122,YALAN,YALAN,0.75,Mock evaluation response
FACTURK-0123,DOĞRU,YALAN,0.75,Mock evaluation response
FACTURK-0124,YALAN,YALAN,0.75,Mock evaluation response
FACTURK-0125,DOĞRU,YALAN,0.75,Mock evaluation response
FACTURK-0126,DOĞRU,YALAN,0.75,Mock evaluation response
FACTURK-0127,YALAN,YALAN,0.75,Mock evaluation response
FACTURK-0128,DOĞRU,YALAN,0.75,Mock evaluation response
FACTURK-0129,DOĞRU,YALAN,0.75,Mock evaluation response
FACTURK-0130,DOĞRU,YALAN,0.75,Mock evaluation response
FACTURK-0131,DOĞRU,YALAN,0.75,Mock evaluation response
FACTURK-0132,YALAN,YALAN,0.75,Mock evaluation response
FACTURK-0133,DOĞRU,YALAN,0.75,Mock evaluation response
FACTURK-0134,DOĞRU,YALAN,0.75,Mock evaluation response
FACTURK-0135,DOĞRU,YALAN,0.75,Mock evaluation response
FACTURK-0136,DOĞRU,YALAN,0.75,Mock evaluation response
FACTURK-0137,YALAN,YALAN,0.75,Mock evaluation response
FACTURK-0138,YALAN,YALAN,0.75,Mock evaluation response
FACTURK-0139,DOĞRU,YALAN,0.75,Mock evaluation response
FACTURK-0140,YALAN,YALAN,0.75,Mock evaluation response
FACTURK-0141,DOĞRU,YALAN,0.75,Mock evaluation response
FACTURK-0142,YALAN,YALAN,0.75,Mock evaluation response
FACTURK-0143,DOĞRU,YALAN,0.75,Mock evaluation response
FACTURK-0144,YALAN,YALAN,0.75,Mock evaluation response
FACTURK-0145,YALAN,YALAN,0.75,Mock evaluation response
FACTURK-0146,YALAN,YALAN,0.75,Mock evaluation response
FACTURK-0147,YALAN,YALAN,0.75,Mock evaluation response
FACTURK-0148,YALAN,YALAN,0.75,Mock evaluation response
FACTURK-0149,DOĞRU,YALAN,0.75,Mock evaluation response
FACTURK-0150,YALAN,YALAN,0.75,Mock evaluation response
FACTURK-0151,YALAN,YALAN,0.75,Mock evaluation response
FACTURK-0152,YALAN,YALAN,0.75,Mock evaluation response
FACTURK-0153,YALAN,YALAN,0.75,Mock evaluation response
FACTURK-0154,YALAN,YALAN,0.75,Mock evaluation response
FACTURK-0155,DOĞRU,YALAN,0.75,Mock evaluation response
FACTURK-0156,YALAN,YALAN,0.75,Mock evaluation response
FACTURK-0157,DOĞRU,YALAN,0.75,Mock evaluation response
FACTURK-0158,DOĞRU,YALAN,0.75,Mock evaluation response
FACTURK-0159,YALAN,YALAN,0.75,Mock evaluation response
FACTURK-0160,DOĞRU,YALAN,0.75,Mock evaluation response
FACTURK-0161,YALAN,YALAN,0.75,Mock evaluation response
FACTURK-0162,DOĞRU,YALAN,0.75,Mock evaluation response
FACTURK-0163,DOĞRU,YALAN,0.75,Mock evaluation response
FACTURK-0164,YALAN,YALAN,0.75,Mock evaluation response
FACTURK-0165,YALAN,YALAN,0.75,Mock evaluation response
FACTURK-0166,DOĞRU,YALAN,0.75,Mock evaluation response
FACTURK-0167,YALAN,YALAN,0.75,Mock evaluation response
FACTURK-0168,YALAN,YALAN,0.75,Mock evaluation response
FACTURK-0169,DOĞRU,YALAN,0.75,Mock evaluation response
FACTURK-0170,YALAN,YALAN,0.75,Mock evaluation response
FACTURK-0171,DOĞRU,YALAN,0.75,Mock evaluation response
FACTURK-0172,YALAN,YALAN,0.75,Mock evaluation response
FACTURK-0173,YALAN,YALAN,0.75,Mock evaluation response
FACTURK-0174,YALAN,YALAN,0.75,Mock evaluation response
FACTURK-0175,YALAN,YALAN,0.75,Mock evaluation response
FACTURK-0176,YALAN,YALAN,0.75,Mock evaluation response
FACTURK-0177,YALAN,YALAN,0.75,Mock evaluation response
FACTURK-0178,YALAN,YALAN,0.75,Mock evaluation response
FACTURK-0179,DOĞRU,YALAN,0.75,Mock evaluation response
FACTURK-0180,YALAN,YALAN,0.75,Mock evaluation response
FACTURK-0181,YALAN,YALAN,0.75,Mock evaluation response
FACTURK-0182,DOĞRU,YALAN,0.75,Mock evaluation response
FACTURK-0183,DOĞRU,YALAN,0.75,Mock evaluation response
FACTURK-0184,DOĞRU,YALAN,0.75,Mock evaluation response
FACTURK-0185,DOĞRU,YALAN,0.75,Mock evaluation response
FACTURK-0186,DOĞRU,YALAN,0.75,Mock evaluation response
FACTURK-0187,DOĞRU,YALAN,0.75,Mock evaluation response
FACTURK-0188,YALAN,YALAN,0.75,Mock evaluation response
FACTURK-0189,DOĞRU,YALAN,0.75,Mock evaluation response
FACTURK-0190,YALAN,YALAN,0.75,Mock evaluation response
FACTURK-0191,DOĞRU,YALAN,0.75,Mock evaluation response
FACTURK-0192,DOĞRU,YALAN,0.75,Mock evaluation response
FACTURK-0193,DOĞRU,YALAN,0.75,Mock evaluation response
FACTURK-0194,DOĞRU,YALAN,0.75,Mock evaluation response
FACTURK-0195,YALAN,YALAN,0.75,Mock evaluation response
FACTURK-0196,DOĞRU,YALAN,0.75,Mock evaluation response
FACTURK-0197,YALAN,YALAN,0.75,Mock evaluation response
FACTURK-0198,DOĞRU,YALAN,0.75,Mock evaluation response
FACTURK-0199,DOĞRU,YALAN,0.75,Mock evaluation response
FACTURK-0200,DOĞRU,YALAN,0.75,Mock evaluation response
FACTURK-0201,DOĞRU,YALAN,0.75,Mock evaluation response
FACTURK-0202,DOĞRU,YALAN,0.75,Mock evaluation response
FACTURK-0203,YALAN,YALAN,0.75,Mock evaluation response
FACTURK-0204,DOĞRU,YALAN,0.75,Mock evaluation response
FACTURK-0205,DOĞRU,YALAN,0.75,Mock evaluation response
FACTURK-0206,YALAN,YALAN,0.75,Mock evaluation response
FACTURK-0207,DOĞRU,YALAN,0.75,Mock evaluation response
FACTURK-0208,DOĞRU,YALAN,0.75,Mock evaluation response
FACTURK-0209,YALAN,YALAN,0.75,Mock evaluation response
FACTURK-0210,YALAN,YALAN,0.75,Mock evaluation response
FACTURK-0211,YALAN,YALAN,0.75,Mock evaluation response
FACTURK-0212,YALAN,YALAN,0.75,Mock evaluation response
FACTURK-0213,DOĞRU,YALAN,0.75,Mock evaluation response
FACTURK-0214,YALAN,YALAN,0.75,Mock evaluation response
FACTURK-0215,DOĞRU,YALAN,0.75,Mock evaluation response
FACTURK-0216,DOĞRU,YALAN,0.75,Mock evaluation response
FACTURK-0217,DOĞRU,YALAN,0.75,Mock evaluation response
FACTURK-0218,YALAN,YALAN,0.75,Mock evaluation response
FACTURK-0219,YALAN,YALAN,0.75,Mock evaluation response
FACTURK-0220,DOĞRU,YALAN,0.75,Mock evaluation response
FACTURK-0221,DOĞRU,YALAN,0.75,Mock evaluation response
FACTURK-0222,DOĞRU,YALAN,0.75,Mock evaluation response
FACTURK-0223,DOĞRU,YALAN,0.75,Mock evaluation response
FACTURK-0224,YALAN,YALAN,0.75,Mock evaluation response
FACTURK-0225,YALAN,YALAN,0.75,Mock evaluation response
FACTURK-0226,DOĞRU,YALAN,0.75,Mock evaluation response
FACTURK-0227,YALAN,YALAN,0.75,Mock evaluation response
FACTURK-0228,YALAN,YALAN,0.75,Mock evaluation response
FACTURK-0229,YALAN,YALAN,0.75,Mock evaluation response
FACTURK-0230,YALAN,YALAN,0.75,Mock evaluation response
FACTURK-0231,YALAN,YALAN,0.75,Mock evaluation response
FACTURK-0232,DOĞRU,YALAN,0.75,Mock evaluation response
FACTURK-0233,DOĞRU,YALAN,0.75,Mock evaluation response
FACTURK-0234,YALAN,YALAN,0.75,Mock evaluation response
FACTURK-0235,DOĞRU,YALAN,0.75,Mock evaluation response
FACTURK-0236,YALAN,YALAN,0.75,Mock evaluation response
FACTURK-0237,DOĞRU,YALAN,0.75,Mock evaluation response
FACTURK-0238,DOĞRU,YALAN,0.75,Mock evaluation response
FACTURK-0239,YALAN,YALAN,0.75,Mock evaluation response
FACTURK-0240,YALAN,YALAN,0.75,Mock evaluation response
FACTURK-0241,DOĞRU,YALAN,0.75,Mock evaluation response
FACTURK-0242,YALAN,YALAN,0.75,Mock evaluation response
FACTURK-0243,DOĞRU,YALAN,0.75,Mock evaluation response
FACTURK-0244,DOĞRU,YALAN,0.75,Mock evaluation response
FACTURK-0245,DOĞRU,YALAN,0.75,Mock evaluation response
FACTURK-0246,DOĞRU,YALAN,0.75,Mock evaluation response
FACTURK-0247,YALAN,YALAN,0.75,Mock evaluation response
FACTURK-0248,YALAN,YALAN,0.75,Mock evaluation response
FACTURK-0249,DOĞRU,YALAN,0.75,Mock evaluation response
FACTURK-0250,YALAN,YALAN,0.75,Mock evaluation response
FACTURK-0251,DOĞRU,YALAN,0.75,Mock evaluation response
FACTURK-0252,YALAN,YALAN,0.75,Mock evaluation response
FACTURK-0253,YALAN,YALAN,0.75,Mock evaluation response
FACTURK-0254,YALAN,YALAN,0.75,Mock evaluation response
FACTURK-0255,DOĞRU,YALAN,0.75,Mock evaluation response
FACTURK-0256,YALAN,YALAN,0.75,Mock evaluation response
FACTURK-0257,DOĞRU,YALAN,0.75,Mock evaluation response
FACTURK-0258,DOĞRU,YALAN,0.75,Mock evaluation response
FACTURK-0259,DOĞRU,YALAN,0.75,Mock evaluation response
FACTURK-0260,DOĞRU,YALAN,0.75,Mock evaluation response
FACTURK-0261,YALAN,YALAN,0.75,Mock evaluation response
FACTURK-0262,DOĞRU,YALAN,0.75,Mock evaluation response
FACTURK-0263,YALAN,YALAN,0.75,Mock evaluation response
FACTURK-0264,DOĞRU,YALAN,0.75,Mock evaluation response
FACTURK-0265,YALAN,YALAN,0.75,Mock evaluation response
FACTURK-0266,DOĞRU,YALAN,0.75,Mock evaluation response
FACTURK-0267,YALAN,YALAN,0.75,Mock evaluation response
FACTURK-0268,YALAN,YALAN,0.75,Mock evaluation response
FACTURK-0269,DOĞRU,YALAN,0.75,Mock evaluation response
FACTURK-0270,YALAN,YALAN,0.75,Mock evaluation response
FACTURK-0271,YALAN,YALAN,0.75,Mock evaluation response
FACTURK-0272,YALAN,YALAN,0.75,Mock evaluation response
FACTURK-0273,YALAN,YALAN,0.75,Mock evaluation response
FACTURK-0274,YALAN,YALAN,0.75,Mock evaluation response
FACTURK-0275,DOĞRU,YALAN,0.75,Mock evaluation response
FACTURK-0276,YALAN,YALAN,0.75,Mock evaluation response
FACTURK-0277,DOĞRU,YALAN,0.75,Mock evaluation response
FACTURK-0278,DOĞRU,YALAN,0.75,Mock evaluation response
FACTURK-0279,YALAN,YALAN,0.75,Mock evaluation response
FACTURK-0280,YALAN,YALAN,0.75,Mock evaluation response
FACTURK-0281,YALAN,YALAN,0.75,Mock evaluation response
FACTURK-0282,DOĞRU,YALAN,0.75,Mock evaluation response
FACTURK-0283,YALAN,YALAN,0.75,Mock evaluation response
FACTURK-0284,YALAN,YALAN,0.75,Mock evaluation response
FACTURK-0285,YALAN,YALAN,0.75,Mock evaluation response
FACTURK-0286,DOĞRU,YALAN,0.75,Mock evaluation response
FACTURK-0287,DOĞRU,YALAN,0.75,Mock evaluation response
FACTURK-0288,DOĞRU,YALAN,0.75,Mock evaluation response
FACTURK-0289,DOĞRU,YALAN,0.75,Mock evaluation response
FACTURK-0290,DOĞRU,YALAN,0.75,Mock evaluation response
FACTURK-0291,DOĞRU,YALAN,0.75,Mock evaluation response
FACTURK-0292,YALAN,YALAN,0.75,Mock evaluation response
FACTURK-0293,YALAN,YALAN,0.75,Mock evaluation response
FACTURK-0294,YALAN,YALAN,0.75,Mock evaluation response
FACTURK-0295,DOĞRU,YALAN,0.75,Mock evaluation response
FACTURK-0296,DOĞRU,YALAN,0.75,Mock evaluation response
FACTURK-0297,DOĞRU,YALAN,0.75,Mock evaluation response
FACTURK-0298,DOĞRU,YALAN,0.75,Mock evaluation response
FACTURK-0299,YALAN,YALAN,0.75,Mock evaluation response
FACTURK-0300,YALAN,YALAN,0.75,Mock evaluation response
FACTURK-0301,YALAN,YALAN,0.75,Mock evaluation response
FACTURK-0302,YALAN,YALAN,0.75,Mock evaluation response
FACTURK-0303,YALAN,YALAN,0.75,Mock evaluation response
FACTURK-0304,DOĞRU,YALAN,0.75,Mock evaluation response
FACTURK-0305,DOĞRU,YALAN,0.75,Mock evaluation response
FACTURK-0306,YALAN,YALAN,0.75,Mock evaluation response
FACTURK-0307,YALAN,YALAN,0.75,Mock evaluation response
FACTURK-0308,DOĞRU,YALAN,0.75,Mock evaluation response
FACTURK-0309,YALAN,YALAN,0.75,Mock evaluation response
FACTURK-0310,YALAN,YALAN,0.75,Mock evaluation response
FACTURK-0311,DOĞRU,YALAN,0.75,Mock evaluation response
FACTURK-0312,DOĞRU,YALAN,0.75,Mock evaluation response
FACTURK-0313,DOĞRU,YALAN,0.75,Mock evaluation response
FACTURK-0314,DOĞRU,YALAN,0.75,Mock evaluation response
FACTURK-0315,YALAN,YALAN,0.75,Mock evaluation response
FACTURK-0316,DOĞRU,YALAN,0.75,Mock evaluation response
FACTURK-0317,DOĞRU,YALAN,0.75,Mock evaluation response
FACTURK-0318,YALAN,YALAN,0.75,Mock evaluation response
FACTURK-0319,DOĞRU,YALAN,0.75,Mock evaluation response
FACTURK-0320,YALAN,YALAN,0.75,Mock evaluation response
FACTURK-0321,YALAN,YALAN,0.75,Mock evaluation response
FACTURK-0322,YALAN,YALAN,0.75,Mock evaluation response
FACTURK-0323,DOĞRU,YALAN,0.75,Mock evaluation response
FACTURK-0324,DOĞRU,YALAN,0.75,Mock evaluation response
FACTURK-0325,YALAN,YALAN,0.75,Mock evaluation response
FACTURK-0326,YALAN,YALAN,0.75,Mock evaluation response
FACTURK-0327,YALAN,YALAN,0.75,Mock evaluation response
FACTURK-0328,DOĞRU,YALAN,0.75,Mock evaluation response
FACTURK-0329,DOĞRU,YALAN,0.75,Mock evaluation response
FACTURK-0330,YALAN,YALAN,0.75,Mock evaluation response
FACTURK-0331,DOĞRU,YALAN,0.75,Mock evaluation response
FACTURK-0332,YALAN,YALAN,0.75,Mock evaluation response
FACTURK-0333,YALAN,YALAN,0.75,Mock evaluation response
FACTURK-0334,DOĞRU,YALAN,0.75,Mock evaluation response
FACTURK-0335,YALAN,YALAN,0.75,Mock evaluation response
FACTURK-0336,DOĞRU,YALAN,0.75,Mock evaluation response
FACTURK-0337,YALAN,YALAN,0.75,Mock evaluation response
FACTURK-0338,YALAN,YALAN,0.75,Mock evaluation response
FACTURK-0339,DOĞRU,YALAN,0.75,Mock evaluation response
FACTURK-0340,YALAN,YALAN,0.75,Mock evaluation response
FACTURK-0341,DOĞRU,YALAN,0.75,Mock evaluation response
FACTURK-0342,YALAN,YALAN,0.75,Mock evaluation response
FACTURK-0343,YALAN,YALAN,0.75,Mock evaluation response
FACTURK-0344,DOĞRU,YALAN,0.75,Mock evaluation response
FACTURK-0345,DOĞRU,YALAN,0.75,Mock evaluation response
FACTURK-0346,YALAN,YALAN,0.75,Mock evaluation response
FACTURK-0347,DOĞRU,YALAN,0.75,Mock evaluation response
FACTURK-0348,DOĞRU,YALAN,0.75,Mock evaluation response
FACTURK-0349,DOĞRU,YALAN,0.75,Mock evaluation response
FACTURK-0350,DOĞRU,YALAN,0.75,Mock evaluation response
FACTURK-0351,YALAN,YALAN,0.75,Mock evaluation response
FACTURK-0352,DOĞRU,YALAN,0.75,Mock evaluation response
FACTURK-0353,YALAN,YALAN,0.75,Mock evaluation response
FACTURK-0354,DOĞRU,YALAN,0.75,Mock evaluation response
FACTURK-0355,DOĞRU,YALAN,0.75,Mock evaluation response
FACTURK-0356,YALAN,YALAN,0.75,Mock evaluation response
FACTURK-0357,YALAN,YALAN,0.75,Mock evaluation response
FACTURK-0358,YALAN,YALAN,0.75,Mock evaluation response
FACTURK-0359,DOĞRU,YALAN,0.75,Mock evaluation response
FACTURK-0360,DOĞRU,YALAN,0.75,Mock evaluation response
FACTURK-0361,DOĞRU,YALAN,0.75,Mock evaluation response
FACTURK-0362,DOĞRU,YALAN,0.75,Mock evaluation response
FACTURK-0363,YALAN,YALAN,0.75,Mock evaluation response
FACTURK-0364,YALAN,YALAN,0.75,Mock evaluation response
FACTURK-0365,YALAN,YALAN,0.75,Mock evaluation response
FACTURK-0366,DOĞRU,YALAN,0.75,Mock evaluation response
FACTURK-0367,DOĞRU,YALAN,0.75,Mock evaluation response
FACTURK-0368,DOĞRU,YALAN,0.75,Mock evaluation response
FACTURK-0369,YALAN,YALAN,0.75,Mock evaluation response
FACTURK-0370,DOĞRU,YALAN,0.75,Mock evaluation response
FACTURK-0371,DOĞRU,YALAN,0.75,Mock evaluation response
FACTURK-0372,DOĞRU,YALAN,0.75,Mock evaluation response
FACTURK-0373,YALAN,YALAN,0.75,Mock evaluation response
FACTURK-0374,DOĞRU,YALAN,0.75,Mock evaluation response
FACTURK-0375,YALAN,YALAN,0.75,Mock evaluation response
FACTURK-0376,DOĞRU,YALAN,0.75,Mock evaluation response
FACTURK-0377,DOĞRU,YALAN,0.75,Mock evaluation response
FACTURK-0378,DOĞRU,YALAN,0.75,Mock evaluation response
FACTURK-0379,DOĞRU,YALAN,0.75,Mock evaluation response
FACTURK-0380,YALAN,YALAN,0.75,Mock evaluation response
FACTURK-0381,DOĞRU,YALAN,0.75,Mock evaluation response
FACTURK-0382,YALAN,YALAN,0.75,Mock evaluation response
FACTURK-0383,DOĞRU,YALAN,0.75,Mock evaluation response
FACTURK-0384,DOĞRU,YALAN,0.75,Mock evaluation response
FACTURK-0385,DOĞRU,YALAN,0.75,Mock evaluation response
FACTURK-0386,YALAN,YALAN,0.75,Mock evaluation response
FACTURK-0387,YALAN,YALAN,0.75,Mock evaluation response
FACTURK-0388,YALAN,YALAN,0.75,Mock evaluation response
FACTURK-0389,YALAN,YALAN,0.75,Mock evaluation response
FACTURK-0390,DOĞRU,YALAN,0.75,Mock evaluation response
FACTURK-0391,DOĞRU,YALAN,0.75,Mock evaluation response
FACTURK-0392,YALAN,YALAN,0.75,Mock evaluation response
FACTURK-0393,DOĞRU,YALAN,0.75,Mock evaluation response
FACTURK-0394,YALAN,YALAN,0.75,Mock evaluation response
FACTURK-0395,DOĞRU,YALAN,0.75,Mock evaluation response
FACTURK-0396,YALAN,YALAN,0.75,Mock evaluation response
FACTURK-0397,YALAN,YALAN,0.75,Mock evaluation response
FACTURK-0398,YALAN,YALAN,0.75,Mock evaluation response
FACTURK-0399,YALAN,YALAN,0.75,Mock evaluation response
FACTURK-0400,YALAN,YALAN,0.75,Mock evaluation response
FACTURK-0401,DOĞRU,YALAN,0.75,Mock evaluation response
FACTURK-0402,YALAN,YALAN,0.75,Mock evaluation response
FACTURK-0403,YALAN,YALAN,0.75,Mock evaluation response
FACTURK-0404,DOĞRU,YALAN,0.75,Mock evaluation response
FACTURK-0405,YALAN,YALAN,0.75,Mock evaluation response
FACTURK-0406,DOĞRU,YALAN,0.75,Mock evaluation response
FACTURK-0407,YALAN,YALAN,0.75,Mock evaluation response
FACTURK-0408,YALAN,YALAN,0.75,Mock evaluation response
FACTURK-0409,YALAN,YALAN,0.75,Mock evaluation response
FACTURK-0410,YALAN,YALAN,0.75,Mock evaluation response
FACTURK-0411,DOĞRU,YALAN,0.75,Mock evaluation response
FACTURK-0412,DOĞRU,YALAN,0.75,Mock evaluation response
FACTURK-0413,DOĞRU,YALAN,0.75,Mock evaluation response
FACTURK-0414,YALAN,YALAN,0.75,Mock evaluation response
FACTURK-0415,DOĞRU,YALAN,0.75,Mock evaluation response
FACTURK-0416,YALAN,YALAN,0.75,Mock evaluation response
FACTURK-0417,DOĞRU,YALAN,0.75,Mock evaluation response
FACTURK-0418,YALAN,YALAN,0.75,Mock evaluation response
FACTURK-0419,DOĞRU,YALAN,0.75,Mock evaluation response
FACTURK-0420,YALAN,YALAN,0.75,Mock evaluation response
FACTURK-0421,YALAN,YALAN,0.75,Mock evaluation response
FACTURK-0422,YALAN,YALAN,0.75,Mock evaluation response
FACTURK-0423,DOĞRU,YALAN,0.75,Mock evaluation response
FACTURK-0424,DOĞRU,YALAN,0.75,Mock evaluation response
FACTURK-0425,DOĞRU,YALAN,0.75,Mock evaluation response
FACTURK-0426,DOĞRU,YALAN,0.75,Mock evaluation response
FACTURK-0427,YALAN,YALAN,0.75,Mock evaluation response
FACTURK-0428,YALAN,YALAN,0.75,Mock evaluation response
FACTURK-0429,DOĞRU,YALAN,0.75,Mock evaluation response
FACTURK-0430,DOĞRU,YALAN,0.75,Mock evaluation response
FACTURK-0431,DOĞRU,YALAN,0.75,Mock evaluation response
FACTURK-0432,DOĞRU,YALAN,0.75,Mock evaluation response
FACTURK-0433,YALAN,YALAN,0.75,Mock evaluation response
FACTURK-0434,DOĞRU,YALAN,0.75,Mock evaluation response
FACTURK-0435,DOĞRU,YALAN,0.75,Mock evaluation response
FACTURK-0436,YALAN,YALAN,0.75,Mock evaluation response
FACTURK-0437,DOĞRU,YALAN,0.75,Mock evaluation response
FACTURK-0438,YALAN,YALAN,0.75,Mock evaluation response
FACTURK-0439,DOĞRU,YALAN,0.75,Mock evaluation response
FACTURK-0440,YALAN,YALAN,0.75,Mock evaluation response
FACTURK-0441,YALAN,YALAN,0.75,Mock evaluation response
FACTURK-0442,YALAN,YALAN,0.75,Mock evaluation response
FACTURK-0443,YALAN,YALAN,0.75,Mock evaluation response
FACTURK-0444,YALAN,YALAN,0.75,Mock evaluation response
FACTURK-0445,DOĞRU,YALAN,0.75,Mock evaluation response
FACTURK-0446,YALAN,YALAN,0.75,Mock evaluation response
FACTURK-0447,DOĞRU,YALAN,0.75,Mock evaluation response
FACTURK-0448,DOĞRU,YALAN,0.75,Mock evaluation response
FACTURK-0449,DOĞRU,YALAN,0.75,Mock evaluation response
FACTURK-0450,DOĞRU,YALAN,0.75,Mock evaluation response
FACTURK-0451,DOĞRU,YALAN,0.75,Mock evaluation response
FACTURK-0452,YALAN,YALAN,0.75,Mock evaluation response
FACTURK-0453,DOĞRU,YALAN,0.75,Mock evaluation response
FACTURK-0454,DOĞRU,YALAN,0.75,Mock evaluation response
FACTURK-0455,DOĞRU,YALAN,0.75,Mock evaluation response
FACTURK-0456,DOĞRU,YALAN,0.75,Mock evaluation response
FACTURK-0457,DOĞRU,YALAN,0.75,Mock evaluation response
FACTURK-0458,DOĞRU,YALAN,0.75,Mock evaluation response
FACTURK-0459,DOĞRU,YALAN,0.75,Mock evaluation response
FACTURK-0460,DOĞRU,YALAN,0.75,Mock evaluation response
FACTURK-0461,DOĞRU,YALAN,0.75,Mock evaluation response
FACTURK-0462,DOĞRU,YALAN,0.75,Mock evaluation response
FACTURK-0463,DOĞRU,YALAN,0.75,Mock evaluation response
FACTURK-0464,DOĞRU,YALAN,0.75,Mock evaluation response
FACTURK-0465,DOĞRU,YALAN,0.75,Mock evaluation response
FACTURK-0466,YALAN,YALAN,0.75,Mock evaluation response
FACTURK-0467,YALAN,YALAN,0.75,Mock evaluation response
FACTURK-0468,YALAN,YALAN,0.75,Mock evaluation response
FACTURK-0469,DOĞRU,YALAN,0.75,Mock evaluation response
FACTURK-0470,DOĞRU,YALAN,0.75,Mock evaluation response
FACTURK-0471,YALAN,YALAN,0.75,Mock evaluation response
FACTURK-0472,DOĞRU,YALAN,0.75,Mock evaluation response
FACTURK-0473,YALAN,YALAN,0.75,Mock evaluation response
FACTURK-0474,DOĞRU,YALAN,0.75,Mock evaluation response
FACTURK-0475,YALAN,YALAN,0.75,Mock evaluation response
FACTURK-0476,DOĞRU,YALAN,0.75,Mock evaluation response
FACTURK-0477,YALAN,YALAN,0.75,Mock evaluation response
FACTURK-0478,DOĞRU,YALAN,0.75,Mock evaluation response
FACTURK-0479,DOĞRU,YALAN,0.75,Mock evaluation response
FACTURK-0480,DOĞRU,YALAN,0.75,Mock evaluation response
FACTURK-0481,YALAN,YALAN,0.75,Mock evaluation response
FACTURK-0482,DOĞRU,YALAN,0.75,Mock evaluation response
FACTURK-0483,YALAN,YALAN,0.75,Mock evaluation response
FACTURK-0484,DOĞRU,YALAN,0.75,Mock evaluation response
FACTURK-0485,YALAN,YALAN,0.75,Mock evaluation response
FACTURK-0486,YALAN,YALAN,0.75,Mock evaluation response
FACTURK-0487,YALAN,YALAN,0.75,Mock evaluation response
FACTURK-0488,YALAN,YALAN,0.75,Mock evaluation response
FACTURK-0489,YALAN,YALAN,0.75,Mock evaluation response
FACTURK-0490,YALAN,YALAN,0.75,Mock evaluation response
FACTURK-0491,DOĞRU,YALAN,0.75,Mock evaluation response
FACTURK-0492,DOĞRU,YALAN,0.75,Mock evaluation response
FACTURK-0493,YALAN,YALAN,0.75,Mock evaluation response
FACTURK-0494,YALAN,YALAN,0.75,Mock evaluation response
FACTURK-0495,YALAN,YALAN,0.75,Mock evaluation response
FACTURK-0496,DOĞRU,YALAN,0.75,Mock evaluation response
FACTURK-0497,YALAN,YALAN,0.75,Mock evaluation response
FACTURK-0498,DOĞRU,YALAN,0.75,Mock evaluation response
FACTURK-0499,YALAN,YALAN,0.75,Mock evaluation response
FACTURK-0500,DOĞRU,YALAN,0.75,Mock evaluation response
