coverage,k_claims,baseline_accuracy,baseline_risk,baseline_macro_f1,pipeline_answered_claims,pipeline_accuracy,pipeline_risk,pipeline_macro_f1
0.05,25,0.88,0.12,0.4681,25,0.64,0.36,0.4755
0.06,30,0.8333,0.1667,0.4545,30,0.5667,0.4333,0.4222
0.07,35,0.8,0.2,0.4444,35,0.5714,0.4286,0.4173
0.08,40,0.775,0.225,0.4366,40,0.55,0.45,0.4
0.09,45,0.8,0.2,0.4444,45,0.5111,0.4889,0.375
0.1,50,0.8,0.2,0.5265,50,0.52,0.48,0.3763
0.11,55,0.8,0.2,0.6763,55,0.4727,0.5273,0.3487
0.12,60,0.8,0.2,0.7205,60,0.4833,0.5167,0.3943
0.13,65,0.8154,0.1846,0.761,65,0.4923,0.5077,0.3956
0.14,70,0.7857,0.2143,0.7413,70,0.4571,0.5429,0.3703
0.15,75,0.7467,0.2533,0.6984,75,0.44,0.56,0.37
0.16,80,0.7375,0.2625,0.6978,80,0.45,0.55,0.3732
0.17,85,0.7294,0.2706,0.7015,85,0.4471,0.5529,0.3798
0.18,90,0.7222,0.2778,0.699,90,0.4444,0.5556,0.3849
0.19,95,0.7053,0.2947,0.6869,95,0.4632,0.5368,0.4037
0.2,100,0.71,0.29,0.6938,100,0.47,0.53,0.4052
0.21,105,0.6952,0.3048,0.6825,105,0.4762,0.5238,0.4226
0.22,110,0.6909,0.3091,0.678,110,0.4727,0.5273,0.424
0.23,115,0.687,0.313,0.6782,115,0.487,0.513,0.4439
0.24,120,0.6833,0.3167,0.6743,120,0.4833,0.5167,0.4382
0.25,125,0.672,0.328,0.6651,125,0.472,0.528,0.4324
0.26,130,0.6846,0.3154,0.6791,130,0.4692,0.5308,0.4327
0.27,135,0.6815,0.3185,0.6769,135,0.4593,0.5407,0.4226
0.28,140,0.6714,0.3286,0.6681,140,0.4571,0.5429,0.4187
0.29,145,0.6759,0.3241,0.6728,145,0.4483,0.5517,0.4098
0.3,150,0.6667,0.3333,0.6645,150,0.4533,0.5467,0.4199
0.31,155,0.6581,0.3419,0.656,155,0.4645,0.5355,0.4263
0.32,160,0.6625,0.3375,0.6606,160,0.4625,0.5375,0.4267
0.33,165,0.6606,0.3394,0.6591,165,0.4667,0.5333,0.4278
0.34,170,0.6588,0.3412,0.6576,170,0.4588,0.5412,0.4236
0.35,175,0.6629,0.3371,0.6618,175,0.4571,0.5429,0.4272
0.36,180,0.6611,0.3389,0.6606,180,0.4667,0.5333,0.4418
0.37,185,0.6486,0.3514,0.6483,185,0.4595,0.5405,0.4369
0.38,190,0.6526,0.3474,0.6523,190,0.4684,0.5316,0.445
0.39,195,0.6462,0.3538,0.6458,195,0.4615,0.5385,0.4379
0.4,200,0.64,0.36,0.6397,200,0.465,0.535,0.4415
0.41,205,0.639,0.361,0.6388,205,0.4732,0.5268,0.4512
0.42,210,0.6381,0.3619,0.638,210,0.4714,0.5286,0.4483
0.43,215,0.6372,0.3628,0.6368,215,0.4791,0.5209,0.4529
0.44,220,0.6409,0.3591,0.6403,220,0.4864,0.5136,0.4572
0.45,225,0.6444,0.3556,0.6433,225,0.4933,0.5067,0.4636
0.46,230,0.6478,0.3522,0.6473,230,0.4913,0.5087,0.465
0.47,235,0.6426,0.3574,0.6418,235,0.4979,0.5021,0.475
0.48,240,0.6458,0.3542,0.6455,240,0.5042,0.4958,0.4807
0.49,245,0.649,0.351,0.6483,245,0.5143,0.4857,0.4965
0.5,250,0.648,0.352,0.6472,250,0.524,0.476,0.5066
0.51,255,0.6431,0.3569,0.6423,255,0.5333,0.4667,0.5176
0.52,260,0.6346,0.3654,0.6337,260,0.5423,0.4577,0.5255
0.53,265,0.634,0.366,0.6332,265,0.5509,0.4491,0.5357
0.54,270,0.6333,0.3667,0.6325,266,0.5526,0.4474,0.5382
0.55,275,0.6327,0.3673,0.632,266,0.5526,0.4474,0.5382
0.56,280,0.625,0.375,0.6244,266,0.5526,0.4474,0.5382
0.57,285,0.6211,0.3789,0.6205,266,0.5526,0.4474,0.5382
0.58,290,0.6241,0.3759,0.6236,266,0.5526,0.4474,0.5382
0.59,295,0.6203,0.3797,0.6196,266,0.5526,0.4474,0.5382
0.6,300,0.62,0.38,0.6192,266,0.5526,0.4474,0.5382
0.61,305,0.6164,0.3836,0.6156,266,0.5526,0.4474,0.5382
0.62,310,0.6194,0.3806,0.6183,266,0.5526,0.4474,0.5382
0.63,315,0.6095,0.3905,0.6085,266,0.5526,0.4474,0.5382
0.64,320,0.6031,0.3969,0.6023,266,0.5526,0.4474,0.5382
0.65,325,0.5969,0.4031,0.5962,266,0.5526,0.4474,0.5382
0.66,330,0.5879,0.4121,0.5871,266,0.5526,0.4474,0.5382
0.67,335,0.591,0.409,0.5905,266,0.5526,0.4474,0.5382
0.68,340,0.5853,0.4147,0.5847,266,0.5526,0.4474,0.5382
0.69,345,0.5884,0.4116,0.5876,266,0.5526,0.4474,0.5382
0.7,350,0.5857,0.4143,0.5847,266,0.5526,0.4474,0.5382
0.71,355,0.5887,0.4113,0.5878,266,0.5526,0.4474,0.5382
0.72,360,0.5833,0.4167,0.5823,266,0.5526,0.4474,0.5382
0.73,365,0.5781,0.4219,0.5769,266,0.5526,0.4474,0.5382
0.74,370,0.5757,0.4243,0.5746,266,0.5526,0.4474,0.5382
0.75,375,0.5733,0.4267,0.572,266,0.5526,0.4474,0.5382
0.76,380,0.5737,0.4263,0.572,266,0.5526,0.4474,0.5382
0.77,385,0.574,0.426,0.5728,266,0.5526,0.4474,0.5382
0.78,390,0.5744,0.4256,0.573,266,0.5526,0.4474,0.5382
0.79,395,0.5747,0.4253,0.5732,266,0.5526,0.4474,0.5382
0.8,400,0.5775,0.4225,0.5761,266,0.5526,0.4474,0.5382
0.81,405,0.5753,0.4247,0.5739,266,0.5526,0.4474,0.5382
0.82,410,0.5756,0.4244,0.5742,266,0.5526,0.4474,0.5382
0.83,415,0.5711,0.4289,0.5698,266,0.5526,0.4474,0.5382
0.84,420,0.5714,0.4286,0.5702,266,0.5526,0.4474,0.5382
0.85,425,0.5694,0.4306,0.5683,266,0.5526,0.4474,0.5382
0.86,430,0.5628,0.4372,0.5616,266,0.5526,0.4474,0.5382
0.87,435,0.5609,0.4391,0.5596,266,0.5526,0.4474,0.5382
0.88,440,0.5636,0.4364,0.5623,266,0.5526,0.4474,0.5382
0.89,445,0.5596,0.4404,0.5584,266,0.5526,0.4474,0.5382
0.9,450,0.5622,0.4378,0.5609,266,0.5526,0.4474,0.5382
0.91,455,0.5582,0.4418,0.557,266,0.5526,0.4474,0.5382
0.92,460,0.563,0.437,0.5621,266,0.5526,0.4474,0.5382
0.93,465,0.5591,0.4409,0.5583,266,0.5526,0.4474,0.5382
0.94,470,0.5553,0.4447,0.5546,266,0.5526,0.4474,0.5382
0.95,475,0.5516,0.4484,0.5508,266,0.5526,0.4474,0.5382
0.96,480,0.5521,0.4479,0.5512,266,0.5526,0.4474,0.5382
0.97,485,0.5526,0.4474,0.5518,266,0.5526,0.4474,0.5382
0.98,490,0.5531,0.4469,0.5524,266,0.5526,0.4474,0.5382
0.99,495,0.5515,0.4485,0.551,266,0.5526,0.4474,0.5382
1.0,500,0.552,0.448,0.5515,266,0.5526,0.4474,0.5382
