claim_id,gold_verdict,retrieved_source_ids,rerank_scores,nli_probs,decision_probs,nli_bypassed,final_verdict,raw_status,abstained,cache_hit,latency_ms,layer_latency_ms,selected_source_id
FACTURK-0001,YALAN,"[14206, 12265, 24388, 19895, 10563]","[0.01923425868153572, 0.00022167809947859496, 1.7366719475830905e-05, 0.009633652865886688, 1.8925147742265835e-05]","[0.0004438232281245291, 0.9986666440963745, 0.0008895705686882138]","[0.0004438232281245291, 0.9986666440963745, 0.0008895705686882138]",False,YALAN,UYARI,False,False,21582.011100000047,"{""K1_input_and_readiness"": 0.5240000000412692, ""K7_context"": 0.0019999999949504854, ""K1_normalization"": 0.22850000004837057, ""K6_advisory"": 353.5077999999885, ""K1_intent"": 0.4047999998419982, ""K2_retrieval"": 332.6110000000426, ""K3_reranker"": 8934.929900000043, ""K8_weighted_ranking"": 0.4083999999693333, ""K3_candidate_filters"": 1.674399999956222, ""K9_advisory_consensus"": 0.006199999916134402, ""K4_nli_and_bypass_check"": 6348.610699999881, ""K5_decision"": 5603.510099999994}",14206
FACTURK-0002,YALAN,"[15452, 27176, 21314, 19821, 5161]","[0.00016603847325313836, 0.00013342000602278858, 0.012431650422513485, 0.0003514382697176188, 0.0029235430993139744]","[0.00035863369703292847, 0.9984328150749207, 0.0012085121124982834]","[0.00035863369703292847, 0.9984328150749207, 0.0012085121124982834]",False,YETERSİZ VERİ,RET,True,False,9254.294300000083,"{""K1_input_and_readiness"": 0.22380000018529245, ""K7_context"": 0.01629999997021514, ""K1_normalization"": 0.08389999993596575, ""K6_advisory"": 237.20680000019456, ""K1_intent"": 0.03489999994599202, ""K2_retrieval"": 269.6118999999726, ""K3_reranker"": 6184.98210000007, ""K8_weighted_ranking"": 0.7515999998304324, ""K3_candidate_filters"": 1.9123999998100771, ""K9_advisory_consensus"": 0.00670000008540228, ""K4_nli_and_bypass_check"": 1835.3640999998788, ""K5_decision"": 718.4082999999646}",21314
FACTURK-0003,DOĞRU,"[4493, 10643, 10187, 11937, 28232]","[2.507159297238104e-05, 0.00048595608677715063, 2.566613329690881e-05, 1.6061610949691385e-05, 1.6061610949691385e-05]","[0.013120046816766262, 0.9752902388572693, 0.011589713394641876]","[0.013120046816766262, 0.9752902388572693, 0.011589713394641876]",False,YALAN,RED,False,False,7645.161899999948,"{""K1_input_and_readiness"": 0.08569999999963329, ""K7_context"": 0.0021999999262334313, ""K1_normalization"": 0.013800000033370452, ""K6_advisory"": 185.63419999986763, ""K1_intent"": 0.04899999998997373, ""K2_retrieval"": 236.73489999987396, ""K3_reranker"": 5005.639599999995, ""K8_weighted_ranking"": 0.594699999965087, ""K3_candidate_filters"": 1.6530999998849438, ""K9_advisory_consensus"": 0.006699999858028605, ""K4_nli_and_bypass_check"": 1615.269200000057, ""K5_decision"": 597.1573000001626}",4493
FACTURK-0004,YALAN,"[30270, 28308, 13928, 28091, 18436]","[0.057918086647987366, 0.004755199886858463, 0.004399413242936134, 8.957788668340072e-05, 0.009746103547513485]","[0.9957402944564819, 0.003975096624344587, 0.0002846002171281725]","[0.9957402944564819, 0.003975096624344587, 0.0002846002171281725]",False,YETERSİZ VERİ,KISMI,True,False,32739.121400000156,"{""K1_input_and_readiness"": 0.07049999999253487, ""K7_context"": 0.001500000053056283, ""K1_normalization"": 0.013900000112698763, ""K6_advisory"": 271.4813000000049, ""K1_intent"": 0.05600000008598727, ""K2_retrieval"": 251.33029999983592, ""K3_reranker"": 30635.730799999918, ""K8_weighted_ranking"": 0.6757000001016422, ""K3_candidate_filters"": 1.4564999999038264, ""K9_advisory_consensus"": 0.00479999994240643, ""K4_nli_and_bypass_check"": 1574.8029000001225, ""K5_decision"": 0.5109000001084496}",13928
FACTURK-0005,YALAN,"[29807, 11348, 772, 209, 14283]","[2.3007036361377686e-05, 1.6314539607265033e-05, 1.6187581422855146e-05, 1.7917987861437723e-05, 2.030369250860531e-05]","[0.00302477297373116, 0.9940205216407776, 0.00295470398850739]","[0.00302477297373116, 0.9940205216407776, 0.00295470398850739]",False,YALAN,RED,False,False,6523.26620000008,"{""K1_input_and_readiness"": 0.07040000014058023, ""K7_context"": 0.0016999999843392288, ""K1_normalization"": 0.01799999995455437, ""K6_advisory"": 138.17180000000917, ""K1_intent"": 0.03839999999399879, ""K2_retrieval"": 189.05670000003738, ""K3_reranker"": 5176.143700000011, ""K8_weighted_ranking"": 0.6166000000575877, ""K3_candidate_filters"": 1.5914999999040447, ""K9_advisory_consensus"": 0.005299999884300632, ""K4_nli_and_bypass_check"": 1015.0638000000072, ""K5_decision"": 0.2925000001141598}",209
FACTURK-0006,YALAN,"[13994, 9150, 15787, 2858, 27790]","[0.0011604196624830365, 0.009232214652001858, 0.0006312434561550617, 2.6480842279852368e-05, 0.001734208082780242]","[0.08758651465177536, 0.9108916521072388, 0.0015217983163893223]","[0.08758651465177536, 0.9108916521072388, 0.0015217983163893223]",False,YALAN,UYARI,False,False,7270.514399999911,"{""K1_input_and_readiness"": 0.05340000006981427, ""K7_context"": 0.001300000121773337, ""K1_normalization"": 0.010799999927257886, ""K6_advisory"": 96.43290000008164, ""K1_intent"": 0.028500000098574674, ""K2_retrieval"": 158.54450000006182, ""K3_reranker"": 4888.054399999874, ""K8_weighted_ranking"": 0.5075999999917258, ""K3_candidate_filters"": 1.5504999998938729, ""K9_advisory_consensus"": 0.005799999826194835, ""K4_nli_and_bypass_check"": 1439.3268000001171, ""K5_decision"": 683.7061999999605}",9150
FACTURK-0007,YALAN,"[16150, 25228, 21967, 3007, 9150]","[0.0064631374552845955, 0.017712298780679703, 0.006121281534433365, 0.004755199886858463, 0.00651349825784564]","[0.000721831398550421, 0.9987038373947144, 0.000574371253605932]","[0.000721831398550421, 0.9987038373947144, 0.000574371253605932]",False,YETERSİZ VERİ,RET,True,False,10635.198799999898,"{""K1_input_and_readiness"": 0.08019999995667604, ""K7_context"": 0.0016999999843392288, ""K1_normalization"": 0.016100000038932194, ""K6_advisory"": 222.32569999982843, ""K1_intent"": 0.05949999990662036, ""K2_retrieval"": 280.65010000000257, ""K3_reranker"": 8157.340199999908, ""K8_weighted_ranking"": 0.6427000000712724, ""K3_candidate_filters"": 2.128500000026179, ""K9_advisory_consensus"": 0.00779999982114532, ""K4_nli_and_bypass_check"": 1967.9883000001155, ""K5_decision"": 0.24819999998726416}",25228
FACTURK-0008,DOĞRU,"[23842, 9982, 23994, 3040, 9650]","[0.0059110685251653194, 1.6442494597868063e-05, 1.6061610949691385e-05, 1.6314539607265033e-05, 0.0010443859500810504]","[0.9862146973609924, 0.012287963181734085, 0.001497264369390905]","[0.9862146973609924, 0.012287963181734085, 0.001497264369390905]",False,YALAN,RED,False,False,8867.797800000062,"{""K1_input_and_readiness"": 0.0586999999541149, ""K7_context"": 0.0013999999737279722, ""K1_normalization"": 0.011100000165242818, ""K6_advisory"": 156.67439999992894, ""K1_intent"": 0.030199999855540227, ""K2_retrieval"": 221.91910000015014, ""K3_reranker"": 6690.340299999889, ""K8_weighted_ranking"": 0.5418999999164953, ""K3_candidate_filters"": 1.7212000000199623, ""K9_advisory_consensus"": 0.006399999847417348, ""K4_nli_and_bypass_check"": 1791.6751000000204, ""K5_decision"": 0.4113999998480722}",23842
FACTURK-0009,DOĞRU,"[14517, 7095, 8698, 12267, 8481]","[0.005179712548851967, 3.244481558795087e-05, 0.0018602986820042133, 0.001325022429227829, 0.00016346470511052758]","[0.005122221074998379, 0.9857016801834106, 0.00917604099959135]","[0.005122221074998379, 0.9857016801834106, 0.00917604099959135]",False,YETERSİZ VERİ,RET,True,False,8183.309000000008,"{""K1_input_and_readiness"": 0.06170000006022747, ""K7_context"": 0.0018000000636675395, ""K1_normalization"": 0.012100000049031223, ""K6_advisory"": 212.38599999992402, ""K1_intent"": 0.03089999995609105, ""K2_retrieval"": 274.33590000009644, ""K3_reranker"": 4936.114299999872, ""K8_weighted_ranking"": 0.586899999916568, ""K3_candidate_filters"": 1.9136000000798958, ""K9_advisory_consensus"": 0.006600000006073969, ""K4_nli_and_bypass_check"": 1839.0249999999924, ""K5_decision"": 916.3705999999365}",8698
FACTURK-0010,YALAN,"[27785, 8950, 24363, 9565, 26067]","[5.694102947018109e-05, 2.526822754589375e-05, 0.9531880021095276, 0.000552778656128794, 0.00022167809947859496]","[0.001112468889914453, 0.0002553556696511805, 0.9986321330070496]","[0.001112468889914453, 0.0002553556696511805, 0.9986321330070496]",False,YALAN,UYARI,False,False,15585.998899999822,"{""K1_input_and_readiness"": 0.051900000016757986, ""K7_context"": 0.0013999999737279722, ""K1_normalization"": 0.010400000064691994, ""K6_advisory"": 126.60979999986921, ""K1_intent"": 0.030499999866151484, ""K2_retrieval"": 171.82240000011006, ""K3_reranker"": 10369.38340000006, ""K8_weighted_ranking"": 0.48310000011042575, ""K3_candidate_filters"": 1.709299999902214, ""K9_advisory_consensus"": 0.008700000080352766, ""K4_nli_and_bypass_check"": 3550.2985000000535, ""K5_decision"": 1361.2451000001329}",24363
FACTURK-0011,YALAN,"[29572, 28191, 12587, 20389, 7836]","[1.8925147742265835e-05, 2.030369250860531e-05, 0.009670992381870747, 0.001573112211190164, 0.009340024553239346]","[0.059396132826805115, 0.924586296081543, 0.016017507761716843]","[0.059396132826805115, 0.924586296081543, 0.016017507761716843]",False,YETERSİZ VERİ,RET,True,False,8688.67269999987,"{""K1_input_and_readiness"": 0.11390000008759671, ""K7_context"": 0.0033000001167238224, ""K1_normalization"": 0.01990000009755022, ""K6_advisory"": 187.7772999998797, ""K1_intent"": 0.04829999988942291, ""K2_retrieval"": 231.21770000011566, ""K3_reranker"": 5671.267700000044, ""K8_weighted_ranking"": 1.69940000000679, ""K3_candidate_filters"": 3.6895999999160267, ""K9_advisory_consensus"": 0.007899999900473631, ""K4_nli_and_bypass_check"": 1905.8440000001156, ""K5_decision"": 684.284800000114}",12587
FACTURK-0012,DOĞRU,"[6622, 6142, 25865, 18918, 19541]","[0.00035976938670501113, 0.005040702875703573, 3.3474687370471656e-05, 0.0012893283274024725, 0.034100424498319626]","[0.0010752474190667272, 0.9968318343162537, 0.0020929330494254827]","[0.0010752474190667272, 0.9968318343162537, 0.0020929330494254827]",False,YETERSİZ VERİ,RET,True,False,6648.2028000000355,"{""K1_input_and_readiness"": 0.04600000011123484, ""K7_context"": 0.0012999998943996616, ""K1_normalization"": 0.010099999826707062, ""K6_advisory"": 153.2408000000487, ""K1_intent"": 0.03409999999348656, ""K2_retrieval"": 225.5270999999084, ""K3_reranker"": 4909.541799999943, ""K8_weighted_ranking"": 0.5793000000267057, ""K3_candidate_filters"": 1.814800000147443, ""K9_advisory_consensus"": 0.008100000059130252, ""K4_nli_and_bypass_check"": 1015.8925999999155, ""K5_decision"": 339.23140000001695}",19541
FACTURK-0013,DOĞRU,"[12699, 14887, 13101, 9657, 12534]","[0.7234072089195251, 0.0006142272031866014, 0.00024346048303414136, 0.002115703420713544, 0.00272558256983757]","[0.03369446098804474, 0.9657096862792969, 0.0005958526744507253]","[0.03369446098804474, 0.9657096862792969, 0.0005958526744507253]",False,YETERSİZ VERİ,RET,True,False,7383.867399999872,"{""K1_input_and_readiness"": 0.06050000001778244, ""K7_context"": 0.0012999998943996616, ""K1_normalization"": 0.012599999990925426, ""K6_advisory"": 173.61460000006446, ""K1_intent"": 0.03480000009403739, ""K2_retrieval"": 200.27159999995092, ""K3_reranker"": 5824.802200000022, ""K8_weighted_ranking"": 0.47769999991942313, ""K3_candidate_filters"": 1.7107999999552703, ""K9_advisory_consensus"": 0.006699999858028605, ""K4_nli_and_bypass_check"": 1180.190100000118, ""K5_decision"": 0.19649999990178912}",12699
FACTURK-0014,YALAN,"[1095, 29080, 13341, 29834, 29892]","[0.13341520726680756, 0.09964530169963837, 0.02838212065398693, 0.04501552879810333, 0.005199880339205265]","[0.0025946791283786297, 0.9949392080307007, 0.0024662078358232975]","[0.0025946791283786297, 0.9949392080307007, 0.0024662078358232975]",False,YETERSİZ VERİ,RET,True,False,10990.795400000025,"{""K1_input_and_readiness"": 0.066100000140068, ""K7_context"": 0.001500000053056283, ""K1_normalization"": 0.011099999937869143, ""K6_advisory"": 99.5316000000912, ""K1_intent"": 0.02689999996619008, ""K2_retrieval"": 148.5826000000543, ""K3_reranker"": 8703.73759999984, ""K8_weighted_ranking"": 0.6484000000455126, ""K3_candidate_filters"": 1.6450999999051419, ""K9_advisory_consensus"": 0.008700000080352766, ""K4_nli_and_bypass_check"": 1422.159499999907, ""K5_decision"": 609.6730000001571}",29892
FACTURK-0015,YALAN,"[23156, 17389, 16095, 2093, 5661]","[0.00023231418163049966, 2.1613139324472286e-05, 0.0005092656938359141, 0.001560889184474945, 0.0009927261853590608]","[0.010172250680625439, 0.9886334538459778, 0.0011943160789087415]","[0.010172250680625439, 0.9886334538459778, 0.0011943160789087415]",False,YETERSİZ VERİ,RET,True,False,14067.708000000039,"{""K1_input_and_readiness"": 0.09299999987888441, ""K7_context"": 0.0015999999050109182, ""K1_normalization"": 0.017500000012660166, ""K6_advisory"": 339.27059999996345, ""K1_intent"": 0.035600000046542846, ""K2_retrieval"": 312.80569999989893, ""K3_reranker"": 7330.105799999956, ""K8_weighted_ranking"": 1.029199999948105, ""K3_candidate_filters"": 1.837700000123732, ""K9_advisory_consensus"": 0.008499999921696144, ""K4_nli_and_bypass_check"": 4142.756200000122, ""K5_decision"": 1937.2008000000278}",2093
FACTURK-0016,DOĞRU,"[1988, 1386, 7284, 29568, 8942]","[0.344112753868103, 0.00043055706191807985, 0.014957086183130741, 0.00017265156202483922, 0.025419652462005615]","[0.06152229756116867, 0.9336729645729065, 0.004804701544344425]","[0.06152229756116867, 0.9336729645729065, 0.004804701544344425]",False,YETERSİZ VERİ,RET,True,False,12006.25489999993,"{""K1_input_and_readiness"": 0.053999999863663106, ""K7_context"": 0.0015999999050109182, ""K1_normalization"": 0.010400000064691994, ""K6_advisory"": 141.04330000009213, ""K1_intent"": 0.036500000078376615, ""K2_retrieval"": 162.12100000007013, ""K3_reranker"": 7893.365399999993, ""K8_weighted_ranking"": 0.5609999998341664, ""K3_candidate_filters"": 1.8866000000343774, ""K9_advisory_consensus"": 0.006499999926745659, ""K4_nli_and_bypass_check"": 2571.487599999955, ""K5_decision"": 1232.8677999998945}",8942
FACTURK-0017,YALAN,"[4795, 3161, 11274, 2541, 8749]","[3.3474687370471656e-05, 5.2662067901110277e-05, 0.048136770725250244, 0.0005053046043030918, 4.165957943769172e-05]","[0.0016740961000323296, 0.9961972236633301, 0.0021286921110004187]","[0.0016740961000323296, 0.9961972236633301, 0.0021286921110004187]",False,YETERSİZ VERİ,RET,True,False,10364.907299999913,"{""K1_input_and_readiness"": 0.049600000011196244, ""K7_context"": 0.001300000121773337, ""K1_normalization"": 0.009999999974752427, ""K6_advisory"": 157.73780000017723, ""K1_intent"": 0.046200000042517786, ""K2_retrieval"": 222.9035999998814, ""K3_reranker"": 8679.58560000011, ""K8_weighted_ranking"": 0.5173000001832406, ""K3_candidate_filters"": 1.7838999999639782, ""K9_advisory_consensus"": 0.005999999984851456, ""K4_nli_and_bypass_check"": 1299.3642999999793, ""K5_decision"": 0.31039999998938583}",11274
FACTURK-0018,YALAN,"[17275, 29970, 348, 29892, 18297]","[0.0025608709547668695, 0.0002251682453788817, 0.0003920417802873999, 8.220189192797989e-05, 0.0004728544445242733]","[0.9910299777984619, 0.008632902055978775, 0.0003370300109963864]","[0.9910299777984619, 0.008632902055978775, 0.0003370300109963864]",False,DOĞRU,ONAY,False,False,12945.243599999912,"{""K1_input_and_readiness"": 0.04740000008496281, ""K7_context"": 0.0013999999737279722, ""K1_normalization"": 0.010500000144020305, ""K6_advisory"": 130.61440000001312, ""K1_intent"": 0.05239999995865219, ""K2_retrieval"": 174.30179999996653, ""K3_reranker"": 7145.132399999966, ""K8_weighted_ranking"": 0.7550000000264845, ""K3_candidate_filters"": 1.594399999930829, ""K9_advisory_consensus"": 0.007000000096013537, ""K4_nli_and_bypass_check"": 3570.2687000000424, ""K5_decision"": 1918.931000000157}",17275
FACTURK-0019,YALAN,"[10019, 25163, 23626, 5995, 5665]","[0.6984323263168335, 0.0014550630003213882, 0.015603534877300262, 0.00014883848780300468, 9.17019642656669e-05]","[0.001380676170811057, 0.9910304546356201, 0.007588811218738556]","[0.001380676170811057, 0.9910304546356201, 0.007588811218738556]",False,YETERSİZ VERİ,RET,True,False,7940.826900000047,"{""K1_input_and_readiness"": 0.05699999996977567, ""K7_context"": 0.0016999999843392288, ""K1_normalization"": 0.00949999980548455, ""K6_advisory"": 123.23700000001736, ""K1_intent"": 0.03930000002583256, ""K2_retrieval"": 183.75739999987672, ""K3_reranker"": 6284.649599999966, ""K8_weighted_ranking"": 0.5279999998037965, ""K3_candidate_filters"": 1.8424999998387648, ""K9_advisory_consensus"": 0.006900000016685226, ""K4_nli_and_bypass_check"": 1206.0468000001947, ""K5_decision"": 137.76310000002923}",10019
FACTURK-0020,YALAN,"[2332, 25293, 30280, 30277, 13472]","[0.19590157270431519, 1.6442494597868063e-05, 0.004627529997378588, 0.0015487611526623368, 0.040999025106430054]","[0.2389340102672577, 0.7354297041893005, 0.025636309757828712]","[0.2389340102672577, 0.7354297041893005, 0.025636309757828712]",False,YALAN,RED,False,False,42092.586699999854,"{""K1_input_and_readiness"": 0.04269999999451102, ""K7_context"": 0.001199999815071351, ""K1_normalization"": 0.007900000127847306, ""K6_advisory"": 93.77279999989696, ""K1_intent"": 0.03169999990859651, ""K2_retrieval"": 141.02509999997892, ""K3_reranker"": 31617.531899999904, ""K8_weighted_ranking"": 0.6745999999111518, ""K3_candidate_filters"": 1.6891000000214262, ""K9_advisory_consensus"": 0.007599999889862374, ""K4_nli_and_bypass_check"": 8003.316600000062, ""K5_decision"": 2230.203099999926}",30280
FACTURK-0021,YALAN,"[12182, 19013, 6837, 23667, 5861]","[0.06512755155563354, 0.0036499870475381613, 3.0006622182554565e-05, 1.6187581422855146e-05, 7.426380761899054e-05]","[0.06620511412620544, 0.22063131630420685, 0.7131635546684265]","[0.06620511412620544, 0.22063131630420685, 0.7131635546684265]",False,YALAN,RED,False,False,17739.83219999991,"{""K1_input_and_readiness"": 0.13790000002700253, ""K7_context"": 0.0032000000373955118, ""K1_normalization"": 0.01820000011321099, ""K6_advisory"": 472.5169000000733, ""K1_intent"": 0.0630000001820008, ""K2_retrieval"": 459.9676999998792, ""K3_reranker"": 9430.585099999917, ""K8_weighted_ranking"": 0.6303000000116299, ""K3_candidate_filters"": 1.8598999999994703, ""K9_advisory_consensus"": 0.006900000016685226, ""K4_nli_and_bypass_check"": 4722.843499999954, ""K5_decision"": 2645.3145999998924}",12182
FACTURK-0022,DOĞRU,"[15941, 29904, 21024, 1480, 17990]","[4.870464181294665e-05, 2.6480842279852368e-05, 0.00016093082376755774, 0.00821969285607338, 0.00039977103006094694]","[0.008076862432062626, 0.9908604621887207, 0.0010625621071085334]","[0.008076862432062626, 0.9908604621887207, 0.0010625621071085334]",False,YETERSİZ VERİ,RET,True,False,10438.311600000134,"{""K1_input_and_readiness"": 0.08509999997841078, ""K7_context"": 0.0013999999737279722, ""K1_normalization"": 0.01359999987471383, ""K6_advisory"": 254.82420000003003, ""K1_intent"": 0.03489999994599202, ""K2_retrieval"": 343.25829999988855, ""K3_reranker"": 8001.034299999901, ""K8_weighted_ranking"": 0.6774999999379361, ""K3_candidate_filters"": 1.85179999994034, ""K9_advisory_consensus"": 0.008299999990413198, ""K4_nli_and_bypass_check"": 1831.816500000059, ""K5_decision"": 0.48149999997804116}",1480
FACTURK-0023,YALAN,"[1375, 22170, 7028, 2565, 13525]","[0.0016941031208261847, 0.00020027377468068153, 0.0009735437924973667, 2.732141365413554e-05, 2.9083439585519955e-05]","[0.0006908727227710187, 0.9978379607200623, 0.0014711724361404777]","[0.0006908727227710187, 0.9978379607200623, 0.0014711724361404777]",False,YALAN,RED,False,False,8742.325400000027,"{""K1_input_and_readiness"": 0.13660000013260287, ""K7_context"": 0.002300000005561742, ""K1_normalization"": 0.02220000010311196, ""K6_advisory"": 317.87280000003193, ""K1_intent"": 0.1032999998642481, ""K2_retrieval"": 471.66500000003, ""K3_reranker"": 6598.660500000051, ""K8_weighted_ranking"": 0.5768999999418156, ""K3_candidate_filters"": 3.085800000008021, ""K9_advisory_consensus"": 0.011200000017197453, ""K4_nli_and_bypass_check"": 1345.6166999999368, ""K5_decision"": 0.3867000000354892}",1375
FACTURK-0024,DOĞRU,"[11438, 3188, 5686, 4485, 29455]","[1.6314539607265033e-05, 2.178264912799932e-05, 1.6314539607265033e-05, 0.0007854739669710398, 5.34913269802928e-05]","[0.12619519233703613, 0.8680910468101501, 0.0057136560790240765]","[0.12619519233703613, 0.8680910468101501, 0.0057136560790240765]",False,YETERSİZ VERİ,RET,True,False,25771.58919999988,"{""K1_input_and_readiness"": 0.15759999996589613, ""K7_context"": 0.0022000001536071068, ""K1_normalization"": 0.026000000161729986, ""K6_advisory"": 431.76040000003013, ""K1_intent"": 0.04449999983080488, ""K2_retrieval"": 383.55220000016743, ""K3_reranker"": 19159.482299999807, ""K8_weighted_ranking"": 0.8354000001418171, ""K3_candidate_filters"": 4.359000000022206, ""K9_advisory_consensus"": 0.04360000002634479, ""K4_nli_and_bypass_check"": 5782.332100000076, ""K5_decision"": 0.8706000000984204}",4485
FACTURK-0025,YALAN,"[14209, 8892, 10769, 11996, 13320]","[0.3434518575668335, 0.3498658835887909, 0.9832789301872253, 0.17709815502166748, 0.1629120409488678]","[0.9973503351211548, 0.0012602044735103846, 0.0013894808944314718]","[0.9973503351211548, 0.0012602044735103846, 0.0013894808944314718]",False,YALAN,RED,False,False,21493.612199999916,"{""K1_input_and_readiness"": 0.07260000006681366, ""K7_context"": 0.0019999999949504854, ""K1_normalization"": 0.011699999959091656, ""K6_advisory"": 141.54409999991913, ""K1_intent"": 0.03630000014709367, ""K2_retrieval"": 300.3929000001335, ""K3_reranker"": 15963.16969999998, ""K8_weighted_ranking"": 0.9233000000676839, ""K3_candidate_filters"": 2.459499999986292, ""K9_advisory_consensus"": 0.009899999895424116, ""K4_nli_and_bypass_check"": 3962.408099999948, ""K5_decision"": 1118.3943000000909}",10769
FACTURK-0026,YALAN,"[27715, 23184, 28551, 21424, 9714]","[0.00011412239109631628, 0.03521113470196724, 0.00025118677876889706, 0.05644402652978897, 2.2650352548225783e-05]","[0.0016604921547695994, 0.9958517551422119, 0.0024878301192075014]","[0.0016604921547695994, 0.9958517551422119, 0.0024878301192075014]",False,YETERSİZ VERİ,RET,True,False,19958.432199999836,"{""K1_input_and_readiness"": 0.07380000010925869, ""K7_context"": 0.0016999999843392288, ""K1_normalization"": 0.015600000097037992, ""K6_advisory"": 215.8386999999493, ""K1_intent"": 0.044299999899521936, ""K2_retrieval"": 260.3595000000496, ""K3_reranker"": 14021.4383, ""K8_weighted_ranking"": 0.872400000162088, ""K3_candidate_filters"": 2.345800000057352, ""K9_advisory_consensus"": 0.007999999979801942, ""K4_nli_and_bypass_check"": 4093.5896000000866, ""K5_decision"": 1360.6029000000035}",21424
FACTURK-0027,DOĞRU,"[15752, 24074, 19974, 29704, 16971]","[0.9997346997261047, 3.26992740156129e-05, 0.0006487307837232947, 0.005641908850520849, 2.355261858610902e-05]","[0.00035482682869769633, 0.00016630398749839514, 0.9994788765907288]","[0.00035482682869769633, 0.00016630398749839514, 0.9994788765907288]",False,DOĞRU,ONAY,False,False,9751.538399999845,"{""K1_input_and_readiness"": 0.08269999989352073, ""K7_context"": 0.0019999999949504854, ""K1_normalization"": 0.0170999999227206, ""K6_advisory"": 164.7295000000213, ""K1_intent"": 0.044100000195612665, ""K2_retrieval"": 252.0326000001205, ""K3_reranker"": 6592.49479999994, ""K8_weighted_ranking"": 1.0399000000234082, ""K3_candidate_filters"": 3.4672999997837906, ""K9_advisory_consensus"": 0.01059999999597494, ""K4_nli_and_bypass_check"": 2325.654500000155, ""K5_decision"": 408.4751000000324}",15752
FACTURK-0028,DOĞRU,"[1701, 9220, 29106, 25588, 29080]","[0.0006641048239544034, 0.011375600472092628, 0.09089675545692444, 0.0002415662893326953, 0.0003859660937450826]","[0.0017894366756081581, 0.9964176416397095, 0.0017929350724443793]","[0.0017894366756081581, 0.9964176416397095, 0.0017929350724443793]",False,YALAN,UYARI,False,False,31249.605900000006,"{""K1_input_and_readiness"": 0.08500000012645614, ""K7_context"": 0.0026000000161729986, ""K1_normalization"": 0.018700000055105193, ""K6_advisory"": 583.7103000001207, ""K1_intent"": 0.05020000003241876, ""K2_retrieval"": 623.5778000000209, ""K3_reranker"": 13467.04920000002, ""K8_weighted_ranking"": 0.9340999999949418, ""K3_candidate_filters"": 4.1518999998970685, ""K9_advisory_consensus"": 0.022599999965677853, ""K4_nli_and_bypass_check"": 11451.345800000126, ""K5_decision"": 5115.325399999847}",29106
FACTURK-0029,DOĞRU,"[5759, 29275, 29233, 10729, 15376]","[0.9757161140441895, 0.0076066721230745316, 5.391084050643258e-05, 1.6442494597868063e-05, 1.6061610949691385e-05]","[0.000668143096845597, 0.0056326668709516525, 0.9936991930007935]","[0.000668143096845597, 0.0056326668709516525, 0.9936991930007935]",False,YALAN,RED,False,False,18441.39129999985,"{""K1_input_and_readiness"": 0.06119999989095959, ""K7_context"": 0.0019000001429958502, ""K1_normalization"": 0.01150000002780871, ""K6_advisory"": 137.09820000008222, ""K1_intent"": 0.03569999989849748, ""K2_retrieval"": 252.31280000002698, ""K3_reranker"": 12264.345300000059, ""K8_weighted_ranking"": 1.482399999986228, ""K3_candidate_filters"": 4.086700000016208, ""K9_advisory_consensus"": 0.018700000055105193, ""K4_nli_and_bypass_check"": 4571.310199999971, ""K5_decision"": 1207.5547000001734}",5759
FACTURK-0030,YALAN,"[29243, 18967, 12263, 28578, 26318]","[0.06536578387022018, 0.0020911062601953745, 0.010818448849022388, 0.00043733438360504806, 0.0002415662893326953]","[0.019909346476197243, 0.9705937504768372, 0.009496799670159817]","[0.019909346476197243, 0.9705937504768372, 0.009496799670159817]",False,YETERSİZ VERİ,RET,True,False,14557.93860000017,"{""K1_input_and_readiness"": 0.11939999990318029, ""K7_context"": 0.002100000074278796, ""K1_normalization"": 0.02109999991262157, ""K6_advisory"": 391.276100000141, ""K1_intent"": 0.059299999975337414, ""K2_retrieval"": 402.3439000000053, ""K3_reranker"": 11229.65679999993, ""K8_weighted_ranking"": 0.8539000000382657, ""K3_candidate_filters"": 3.513899999916248, ""K9_advisory_consensus"": 0.009300000101575279, ""K4_nli_and_bypass_check"": 2526.529399999845, ""K5_decision"": 0.22369999987859046}",26318
FACTURK-0031,DOĞRU,"[767, 19703, 7295, 16372, 3917]","[0.04476431384682655, 0.001560889184474945, 1.7097478121286258e-05, 0.00034599160426296294, 7.254361844388768e-05]","[0.2934625744819641, 0.45848020911216736, 0.24805720150470734]","[0.2934625744819641, 0.45848020911216736, 0.24805720150470734]",False,YALAN,RED,False,False,14614.923699999963,"{""K1_input_and_readiness"": 0.0884000000951346, ""K7_context"": 0.0021999999262334313, ""K1_normalization"": 0.015300000086426735, ""K6_advisory"": 360.51709999992454, ""K1_intent"": 0.050799999826267594, ""K2_retrieval"": 304.72240000017337, ""K3_reranker"": 10000.573400000121, ""K8_weighted_ranking"": 0.7261000000653439, ""K3_candidate_filters"": 2.2228000000268366, ""K9_advisory_consensus"": 0.009899999895424116, ""K4_nli_and_bypass_check"": 3942.6846999999725, ""K5_decision"": 0.4113999998480722}",19703
FACTURK-0032,DOĞRU,"[14724, 27818, 25875, 18780, 20460]","[7.78275280026719e-05, 0.9975939393043518, 0.0003433000238146633, 1.877787508419715e-05, 1.6442494597868063e-05]","[0.00030580488964915276, 0.9972841739654541, 0.002410044427961111]","[0.00030580488964915276, 0.9972841739654541, 0.002410044427961111]",False,YETERSİZ VERİ,RET,True,False,19366.307400000096,"{""K1_input_and_readiness"": 0.06470000016634003, ""K7_context"": 0.0018000000636675395, ""K1_normalization"": 0.013099999932819628, ""K6_advisory"": 234.02929999997468, ""K1_intent"": 0.04379999995762773, ""K2_retrieval"": 307.74970000015855, ""K3_reranker"": 11585.110100000065, ""K8_weighted_ranking"": 0.6954999998924905, ""K3_candidate_filters"": 3.7829999998848507, ""K9_advisory_consensus"": 0.009999999974752427, ""K4_nli_and_bypass_check"": 4799.678600000107, ""K5_decision"": 2432.1440000001076}",27818
FACTURK-0033,DOĞRU,"[16046, 348, 20020, 25217, 19541]","[0.09219619631767273, 0.03061777912080288, 0.022846195846796036, 6.352188938762993e-05, 0.0003814711526501924]","[0.0008682502084411681, 0.993956446647644, 0.005175214726477861]","[0.0008682502084411681, 0.993956446647644, 0.005175214726477861]",False,YALAN,RED,False,False,24539.804499999947,"{""K1_input_and_readiness"": 0.06979999989198404, ""K7_context"": 0.0016999999843392288, ""K1_normalization"": 0.015300000086426735, ""K6_advisory"": 583.6421000001337, ""K1_intent"": 0.04650000005312904, ""K2_retrieval"": 567.4858999998378, ""K3_reranker"": 12287.96710000006, ""K8_weighted_ranking"": 0.7296000001133507, ""K3_candidate_filters"": 2.3928000000523753, ""K9_advisory_consensus"": 0.009900000122797792, ""K4_nli_and_bypass_check"": 8202.750600000172, ""K5_decision"": 2887.671100000034}",16046
FACTURK-0034,YALAN,"[9150, 10284, 10707, 12063, 6336]","[0.6499119997024536, 0.004086002707481384, 0.05749328061938286, 0.003350423648953438, 0.03993731364607811]","[0.0009558250312693417, 0.9982377290725708, 0.0008064589346759021]","[0.0009558250312693417, 0.9982377290725708, 0.0008064589346759021]",False,YETERSİZ VERİ,RET,True,False,28924.02859999993,"{""K1_input_and_readiness"": 0.10970000016641279, ""K7_context"": 0.002100000074278796, ""K1_normalization"": 0.02119999999194988, ""K6_advisory"": 855.7670000000144, ""K1_intent"": 0.06999999982326699, ""K2_retrieval"": 935.2406000000428, ""K3_reranker"": 23122.497199999998, ""K8_weighted_ranking"": 0.949899999795889, ""K3_candidate_filters"": 2.831499999956577, ""K9_advisory_consensus"": 0.02109999991262157, ""K4_nli_and_bypass_check"": 4002.8297999999722, ""K5_decision"": 0.29700000004595495}",9150
FACTURK-0035,DOĞRU,"[6832, 11509, 24209, 20020, 6302]","[0.003429603995755315, 0.01057048887014389, 0.00482972152531147, 0.011597361415624619, 0.06644792854785919]","[0.0005573243252001703, 0.9901078939437866, 0.00933481939136982]","[0.0005573243252001703, 0.9901078939437866, 0.00933481939136982]",False,YETERSİZ VERİ,RET,True,False,27027.260800000022,"{""K1_input_and_readiness"": 0.07149999987632327, ""K7_context"": 0.0018000000636675395, ""K1_normalization"": 0.012700000070253736, ""K6_advisory"": 303.08050000007825, ""K1_intent"": 0.12110000011489319, ""K2_retrieval"": 647.0594999998411, ""K3_reranker"": 12448.556100000133, ""K8_weighted_ranking"": 0.7628999999269581, ""K3_candidate_filters"": 2.61939999995775, ""K9_advisory_consensus"": 0.011200000017197453, ""K4_nli_and_bypass_check"": 8211.448700000119, ""K5_decision"": 5410.126799999944}",6302
FACTURK-0036,YALAN,"[2387, 18795, 26595, 29551, 18344]","[1.7917987861437723e-05, 1.6314539607265033e-05, 0.00046371284406632185, 0.0017752605490386486, 8.750300185056403e-05]","[0.0004701695288531482, 0.9977415800094604, 0.001788318157196045]","[0.0004701695288531482, 0.9977415800094604, 0.001788318157196045]",False,YETERSİZ VERİ,RET,True,False,28767.868700000006,"{""K1_input_and_readiness"": 0.07230000005620241, ""K7_context"": 0.0016999999843392288, ""K1_normalization"": 0.015200000007098424, ""K6_advisory"": 213.29129999980978, ""K1_intent"": 0.04360000002634479, ""K2_retrieval"": 384.20209999981125, ""K3_reranker"": 11217.671800000062, ""K8_weighted_ranking"": 1.403200000140714, ""K3_candidate_filters"": 2.8590999997959443, ""K9_advisory_consensus"": 0.017299999854003545, ""K4_nli_and_bypass_check"": 11721.503099999836, ""K5_decision"": 5222.7863999999045}",29551
FACTURK-0037,YALAN,"[20136, 5255, 3001, 6221, 17297]","[0.0076066721230745316, 0.0013302015140652657, 0.0019117695046588778, 0.004231587518006563, 0.00025714197545312345]","[0.007340320385992527, 0.9851526021957397, 0.007507056463509798]","[0.007340320385992527, 0.9851526021957397, 0.007507056463509798]",False,YETERSİZ VERİ,RET,True,False,107446.47290000011,"{""K1_input_and_readiness"": 0.17370000000482833, ""K7_context"": 0.0022000001536071068, ""K1_normalization"": 0.029000000040468876, ""K6_advisory"": 1039.8313000000599, ""K1_intent"": 0.0717000000349799, ""K2_retrieval"": 654.2123000001538, ""K3_reranker"": 40570.802200000115, ""K8_weighted_ranking"": 0.6935999999768683, ""K3_candidate_filters"": 2.717400000165071, ""K9_advisory_consensus"": 0.008600000001024455, ""K4_nli_and_bypass_check"": 41058.307000000015, ""K5_decision"": 24114.55070000011}",20136
FACTURK-0038,DOĞRU,"[14947, 510, 14723, 5185, 19804]","[0.013742320239543915, 0.002822832902893424, 0.00043393249507062137, 0.0020033332984894514, 5.104190859128721e-05]","[0.9891397953033447, 0.007814768701791763, 0.0030454008374363184]","[0.9891397953033447, 0.007814768701791763, 0.0030454008374363184]",False,DOĞRU,ONAY,False,False,38068.736899999974,"{""K1_input_and_readiness"": 0.11940000013055396, ""K7_context"": 0.0018999999156221747, ""K1_normalization"": 0.021699999933844083, ""K6_advisory"": 812.71670000001, ""K1_intent"": 0.16269999991891382, ""K2_retrieval"": 844.7016000000076, ""K3_reranker"": 13954.050100000131, ""K8_weighted_ranking"": 1.1477000000468252, ""K3_candidate_filters"": 2.7706000000762288, ""K9_advisory_consensus"": 0.010100000054080738, ""K4_nli_and_bypass_check"": 13215.707900000098, ""K5_decision"": 9232.857500000136}",14947
FACTURK-0039,DOĞRU,"[1215, 8693, 28738, 27028, 21561]","[0.0007264875457622111, 1.6701422282494605e-05, 1.6442494597868063e-05, 0.00341627886518836, 3.373722574906424e-05]","[0.0006885426118969917, 0.9983648657798767, 0.0009466568008065224]","[0.0006885426118969917, 0.9983648657798767, 0.0009466568008065224]",False,YALAN,RED,False,False,12106.008599999996,"{""K1_input_and_readiness"": 0.06319999988591007, ""K7_context"": 0.0018000000636675395, ""K1_normalization"": 0.012000000197076588, ""K6_advisory"": 417.6881000000776, ""K1_intent"": 0.044399999978850246, ""K2_retrieval"": 516.4416000000074, ""K3_reranker"": 8998.051600000053, ""K8_weighted_ranking"": 0.7092000000739063, ""K3_candidate_filters"": 2.798199999915596, ""K9_advisory_consensus"": 0.012900000001536682, ""K4_nli_and_bypass_check"": 2164.7093999999925, ""K5_decision"": 0.9082999999918684}",21561
FACTURK-0040,DOĞRU,"[29892, 20199, 4738, 8285, 25865]","[0.13511791825294495, 0.199619859457016, 0.00025118677876889706, 0.00021995337738189846, 3.1693256460130215e-05]","[0.016637228429317474, 0.963176429271698, 0.02018626220524311]","[0.016637228429317474, 0.963176429271698, 0.02018626220524311]",False,YETERSİZ VERİ,RET,True,False,15241.743999999926,"{""K1_input_and_readiness"": 0.05549999991671939, ""K7_context"": 0.0019000001429958502, ""K1_normalization"": 0.011900000117748277, ""K6_advisory"": 357.9149999998208, ""K1_intent"": 0.0494000000799133, ""K2_retrieval"": 492.71619999990435, ""K3_reranker"": 8363.272099999904, ""K8_weighted_ranking"": 0.563600000077713, ""K3_candidate_filters"": 2.5636000000304193, ""K9_advisory_consensus"": 0.009600000112186535, ""K4_nli_and_bypass_check"": 4070.061899999928, ""K5_decision"": 1947.8864999998677}",20199
FACTURK-0041,DOĞRU,"[25725, 17922, 15372, 10209, 18172]","[0.0389750711619854, 0.08647765219211578, 0.10932482779026031, 0.10266400873661041, 0.06187598779797554]","[0.0013175326166674495, 0.9969165325164795, 0.0017660219455137849]","[0.0013175326166674495, 0.9969165325164795, 0.0017660219455137849]",False,YALAN,UYARI,False,False,20992.52679999995,"{""K1_input_and_readiness"": 0.06869999992886733, ""K7_context"": 0.002499999936844688, ""K1_normalization"": 0.013600000102087506, ""K6_advisory"": 456.1470000001009, ""K1_intent"": 0.04020000005766633, ""K2_retrieval"": 555.7080999999471, ""K3_reranker"": 13126.275300000088, ""K8_weighted_ranking"": 1.1746000000130152, ""K3_candidate_filters"": 2.4908000000323227, ""K9_advisory_consensus"": 0.009500000032858225, ""K4_nli_and_bypass_check"": 4746.003799999926, ""K5_decision"": 2100.6892000000335}",15372
FACTURK-0042,YALAN,"[15283, 11637, 7433, 15528, 29883]","[0.9342753291130066, 0.0009362827986478806, 0.0007408055826090276, 2.1444948288262822e-05, 0.0001547666179249063]","[0.0028633999172598124, 0.9958256483078003, 0.0013109599240124226]","[0.0028633999172598124, 0.9958256483078003, 0.0013109599240124226]",False,YETERSİZ VERİ,RET,True,False,31998.408500000096,"{""K1_input_and_readiness"": 1.081900000144742, ""K7_context"": 0.00280000017482962, ""K1_normalization"": 0.019199999996999395, ""K6_advisory"": 747.2463999999945, ""K1_intent"": 0.07439999990310753, ""K2_retrieval"": 668.7564999999722, ""K3_reranker"": 13793.805999999904, ""K8_weighted_ranking"": 0.6334000001970708, ""K3_candidate_filters"": 6.757899999911388, ""K9_advisory_consensus"": 0.009399999953529914, ""K4_nli_and_bypass_check"": 9941.096600000037, ""K5_decision"": 6835.546999999906}",15283
FACTURK-0043,YALAN,"[30084, 16539, 24630, 24749, 14477]","[0.008711384609341621, 2.0462932297959924e-05, 0.0001224344305228442, 1.6061610949691385e-05, 5.1845658163074404e-05]","[0.004875781945884228, 0.9929563999176025, 0.002167845144867897]","[0.004875781945884228, 0.9929563999176025, 0.002167845144867897]",False,YETERSİZ VERİ,RET,True,False,22520.405700000083,"{""K1_input_and_readiness"": 0.14490000012301607, ""K7_context"": 0.0029999998787388904, ""K1_normalization"": 0.032899999951041536, ""K6_advisory"": 536.3471000000573, ""K1_intent"": 0.054899999895496876, ""K2_retrieval"": 564.1080000000329, ""K3_reranker"": 9678.626599999916, ""K8_weighted_ranking"": 0.9227000000464614, ""K3_candidate_filters"": 2.735199999960969, ""K9_advisory_consensus"": 0.009099999942918657, ""K4_nli_and_bypass_check"": 7087.567100000115, ""K5_decision"": 4645.156000000043}",30084
FACTURK-0044,YALAN,"[8787, 9150, 17721, 12353, 16712]","[0.008711384609341621, 0.0074030146934092045, 0.6253237724304199, 3.321419353596866e-05, 0.00011323437502142042]","[0.003909746650606394, 0.9947933554649353, 0.0012968741357326508]","[0.003909746650606394, 0.9947933554649353, 0.0012968741357326508]",False,YALAN,UYARI,False,False,45067.368999999875,"{""K1_input_and_readiness"": 0.10780000002341694, ""K7_context"": 0.0021999999262334313, ""K1_normalization"": 0.019999999949504854, ""K6_advisory"": 563.8810000000376, ""K1_intent"": 0.04930000000058499, ""K2_retrieval"": 642.7107000001797, ""K3_reranker"": 20167.950499999963, ""K8_weighted_ranking"": 0.719300000127987, ""K3_candidate_filters"": 2.3902000000362023, ""K9_advisory_consensus"": 0.008900000011635711, ""K4_nli_and_bypass_check"": 13916.226999999935, ""K5_decision"": 9766.6514}",17721
FACTURK-0045,YALAN,"[18560, 19793, 24915, 17820, 7940]","[0.00019716942915692925, 0.0005815576296299696, 0.06644792854785919, 0.1564912348985672, 0.0028118586633354425]","[0.13644717633724213, 0.8615309596061707, 0.0020218712743371725]","[0.13644717633724213, 0.8615309596061707, 0.0020218712743371725]",False,YALAN,UYARI,False,False,23582.214699999895,"{""K1_input_and_readiness"": 0.09479999994255195, ""K7_context"": 0.0021999999262334313, ""K1_normalization"": 0.01950000000761065, ""K6_advisory"": 541.1461999999574, ""K1_intent"": 0.054399999953602673, ""K2_retrieval"": 596.928200000093, ""K3_reranker"": 12159.133900000143, ""K8_weighted_ranking"": 0.812599999790109, ""K3_candidate_filters"": 3.6092000000280677, ""K9_advisory_consensus"": 0.009700000191514846, ""K4_nli_and_bypass_check"": 6265.988600000128, ""K5_decision"": 4007.5535000000855}",17820
FACTURK-0046,DOĞRU,"[15238, 17859, 11431, 4170, 5428]","[0.8264318704605103, 0.01923425868153572, 0.004166256170719862, 0.03228325769305229, 0.034749627113342285]","[0.001323047443293035, 0.0014904504641890526, 0.9971864819526672]","[0.001323047443293035, 0.0014904504641890526, 0.9971864819526672]",False,DOĞRU,ONAY,False,False,19338.105799999994,"{""K1_input_and_readiness"": 0.08400000024266774, ""K7_context"": 0.002599999788799323, ""K1_normalization"": 0.017999999727180693, ""K6_advisory"": 505.3706999997303, ""K1_intent"": 0.08980000029623625, ""K2_retrieval"": 755.5990999999267, ""K3_reranker"": 11276.019399999768, ""K8_weighted_ranking"": 0.8181999996850209, ""K3_candidate_filters"": 2.677500000118016, ""K9_advisory_consensus"": 0.01049999991664663, ""K4_nli_and_bypass_check"": 4807.186499999716, ""K5_decision"": 1986.992900000132}",15238
FACTURK-0047,DOĞRU,"[18222, 11959, 10045, 14074, 11534]","[0.022457052022218704, 0.001995538594201207, 0.004348381422460079, 0.00031999824568629265, 0.003635808825492859]","[0.0005101573187857866, 0.999286949634552, 0.00020292654517106712]","[0.0005101573187857866, 0.999286949634552, 0.00020292654517106712]",False,YETERSİZ VERİ,RET,True,False,15108.29220000005,"{""K1_input_and_readiness"": 0.137400000312482, ""K7_context"": 0.006100000064179767, ""K1_normalization"": 0.025299999833805487, ""K6_advisory"": 476.85509999973874, ""K1_intent"": 0.04220000027999049, ""K2_retrieval"": 529.6409999996285, ""K3_reranker"": 6449.469599999702, ""K8_weighted_ranking"": 0.7482999999410822, ""K3_candidate_filters"": 3.1452999996872677, ""K9_advisory_consensus"": 0.007499999810534064, ""K4_nli_and_bypass_check"": 4572.766400000091, ""K5_decision"": 3067.7638000001934}",18222
FACTURK-0048,YALAN,"[7857, 2088, 25741, 2292, 28762]","[0.957912266254425, 7.031184213701636e-05, 0.00011774459562730044, 5.1845658163074404e-05, 0.003172682598233223]","[0.021660706028342247, 0.03638128563761711, 0.9419580101966858]","[0.021660706028342247, 0.03638128563761711, 0.9419580101966858]",False,YALAN,UYARI,False,False,15176.587100000233,"{""K1_input_and_readiness"": 0.09850000014921534, ""K7_context"": 0.002399999630142702, ""K1_normalization"": 0.014400000054592965, ""K6_advisory"": 380.04769999997734, ""K1_intent"": 0.0496999996357772, ""K2_retrieval"": 462.60520000032557, ""K3_reranker"": 10473.272500000348, ""K8_weighted_ranking"": 1.3957000001028064, ""K3_candidate_filters"": 2.7182999997421575, ""K9_advisory_consensus"": 0.031099999887373997, ""K4_nli_and_bypass_check"": 3189.7665999999845, ""K5_decision"": 661.7292000000816}",7857
FACTURK-0049,DOĞRU,"[17625, 27366, 2140, 10375, 25030]","[0.020371293649077415, 0.0010202174307778478, 0.00014539113908540457, 0.0053640566766262054, 0.0003951153776142746]","[0.13720057904720306, 0.13580092787742615, 0.726998507976532]","[0.13720057904720306, 0.13580092787742615, 0.726998507976532]",False,YETERSİZ VERİ,KISMI,True,False,26019.081200000073,"{""K1_input_and_readiness"": 0.08620000016890117, ""K7_context"": 0.002599999788799323, ""K1_normalization"": 0.016400000276917126, ""K6_advisory"": 427.9124999998203, ""K1_intent"": 0.10430000020278385, ""K2_retrieval"": 645.1830999999402, ""K3_reranker"": 11715.595399999984, ""K8_weighted_ranking"": 1.0160000001633307, ""K3_candidate_filters"": 2.9134999999769207, ""K9_advisory_consensus"": 0.009200000022246968, ""K4_nli_and_bypass_check"": 7581.45820000027, ""K5_decision"": 5638.961899999686}",10375
FACTURK-0050,YALAN,"[4270, 16652, 1557, 1385, 21058]","[0.009196552447974682, 0.0006538155139423907, 1.6314539607265033e-05, 2.0462932297959924e-05, 0.0003785036678891629]","[0.14538806676864624, 0.8494110703468323, 0.005200943909585476]","[0.14538806676864624, 0.8494110703468323, 0.005200943909585476]",False,YALAN,UYARI,False,False,27581.434600000193,"{""K1_input_and_readiness"": 0.15410000014526304, ""K7_context"": 0.003000000106112566, ""K1_normalization"": 0.024899999971239595, ""K6_advisory"": 747.203399999762, ""K1_intent"": 0.08070000012594392, ""K2_retrieval"": 943.0434000000787, ""K3_reranker"": 22564.555800000107, ""K8_weighted_ranking"": 0.8486000001539651, ""K3_candidate_filters"": 2.9702000001634588, ""K9_advisory_consensus"": 0.00850000014906982, ""K4_nli_and_bypass_check"": 3315.5885000001035, ""K5_decision"": 0.8761999997659586}",4270
FACTURK-0051,YALAN,"[11553, 2521, 3259, 13856, 12203]","[0.7327831387519836, 0.0010242064017802477, 0.01358439214527607, 0.024053553119301796, 0.0030515100806951523]","[0.9998453855514526, 9.009843779494986e-05, 6.451633817050606e-05]","[0.9998453855514526, 9.009843779494986e-05, 6.451633817050606e-05]",False,DOĞRU,ONAY,False,False,18597.91180000002,"{""K1_input_and_readiness"": 0.08969999998953426, ""K7_context"": 0.002499999936844688, ""K1_normalization"": 0.016400000276917126, ""K6_advisory"": 412.98950000009427, ""K1_intent"": 0.08739999975659885, ""K2_retrieval"": 454.99889999973675, ""K3_reranker"": 12027.676400000018, ""K8_weighted_ranking"": 1.4393999999811058, ""K3_candidate_filters"": 2.4375999996664177, ""K9_advisory_consensus"": 0.009800000043469481, ""K4_nli_and_bypass_check"": 4115.19509999971, ""K5_decision"": 1573.8042000002679}",11553
FACTURK-0052,DOĞRU,"[27564, 4149, 9693, 29145, 290]","[0.2206781655550003, 0.0003150386910419911, 0.0010608151787891984, 0.004451041109859943, 0.00026530236937105656]","[0.0005033629131503403, 0.9976006150245667, 0.001895965076982975]","[0.0005033629131503403, 0.9976006150245667, 0.001895965076982975]",False,YETERSİZ VERİ,RET,True,False,19927.393800000118,"{""K1_input_and_readiness"": 0.11210000002392917, ""K7_context"": 0.002000000222324161, ""K1_normalization"": 0.01920000022437307, ""K6_advisory"": 637.9203999999845, ""K1_intent"": 0.08299999990413198, ""K2_retrieval"": 651.3162999999622, ""K3_reranker"": 15021.720000000187, ""K8_weighted_ranking"": 0.5938999997852079, ""K3_candidate_filters"": 3.114200000254641, ""K9_advisory_consensus"": 0.007599999662488699, ""K4_nli_and_bypass_check"": 3607.5206000000435, ""K5_decision"": 0.6426999998438987}",27564
FACTURK-0053,DOĞRU,"[5114, 4481, 861, 19093, 20852]","[0.0001823546044761315, 0.1650540828704834, 0.7083134651184082, 0.003403005190193653, 6.922183820279315e-05]","[0.0007695482345297933, 0.9943714737892151, 0.004858947359025478]","[0.0007695482345297933, 0.9943714737892151, 0.004858947359025478]",False,YETERSİZ VERİ,RET,True,False,16844.50190000007,"{""K1_input_and_readiness"": 0.10390000034021796, ""K7_context"": 0.0021999999262334313, ""K1_normalization"": 0.019500000234984327, ""K6_advisory"": 505.2697999999509, ""K1_intent"": 0.056800000038492726, ""K2_retrieval"": 520.6438999998682, ""K3_reranker"": 13364.826800000174, ""K8_weighted_ranking"": 0.8532000001650886, ""K3_candidate_filters"": 3.3972999999605236, ""K9_advisory_consensus"": 0.01049999991664663, ""K4_nli_and_bypass_check"": 2445.295299999998, ""K5_decision"": 0.23609999971085927}",861
FACTURK-0054,YALAN,"[27391, 12232, 693, 22175, 2442]","[0.00041568948654457927, 1.750292540236842e-05, 2.7535690605873242e-05, 4.539787187241018e-05, 4.94715895911213e-05]","[0.007562893442809582, 0.99054354429245, 0.0018936159322038293]","[0.007562893442809582, 0.99054354429245, 0.0018936159322038293]",False,YETERSİZ VERİ,RET,True,False,17971.780500000023,"{""K1_input_and_readiness"": 0.07760000016787671, ""K7_context"": 0.0018000000636675395, ""K1_normalization"": 0.011699999959091656, ""K6_advisory"": 348.81620000032854, ""K1_intent"": 0.10209999982180307, ""K2_retrieval"": 457.12289999983113, ""K3_reranker"": 9718.452699999943, ""K8_weighted_ranking"": 0.7581999998365063, ""K3_candidate_filters"": 2.432500000395521, ""K9_advisory_consensus"": 0.008200000138458563, ""K4_nli_and_bypass_check"": 4907.3490000000675, ""K5_decision"": 2532.1837000001324}",22175
FACTURK-0055,DOĞRU,"[2566, 8252, 7441, 10593, 10312]","[0.001667882315814495, 0.0014550630003213882, 0.003324436955153942, 0.005060331895947456, 0.0002472934720572084]","[0.003501255763694644, 0.9947940707206726, 0.001704710186459124]","[0.003501255763694644, 0.9947940707206726, 0.001704710186459124]",False,YALAN,RED,False,False,13765.659099999993,"{""K1_input_and_readiness"": 0.09300000010625808, ""K7_context"": 0.003200000264769187, ""K1_normalization"": 0.020399999812070746, ""K6_advisory"": 268.89669999991384, ""K1_intent"": 0.16310000000885339, ""K2_retrieval"": 440.9371000001556, ""K3_reranker"": 9402.756899999986, ""K8_weighted_ranking"": 0.9641000001465727, ""K3_candidate_filters"": 2.6554000000942324, ""K9_advisory_consensus"": 0.008900000011635711, ""K4_nli_and_bypass_check"": 3642.821500000082, ""K5_decision"": 0.39470000001529115}",7441
FACTURK-0056,YALAN,"[28552, 9438, 18826, 15658, 14802]","[0.0013617033837363124, 0.005730246659368277, 0.000398213102016598, 1.7366719475830905e-05, 0.000552778656128794]","[0.8431007266044617, 0.07720478624105453, 0.07969442754983902]","[0.8431007266044617, 0.07720478624105453, 0.07969442754983902]",False,YETERSİZ VERİ,KISMI,True,False,19744.757800000116,"{""K1_input_and_readiness"": 0.0656000001981738, ""K7_context"": 0.0018000000636675395, ""K1_normalization"": 0.01049999991664663, ""K6_advisory"": 577.2345999998834, ""K1_intent"": 0.039600000036443816, ""K2_retrieval"": 563.8954000000922, ""K3_reranker"": 10541.126800000256, ""K8_weighted_ranking"": 1.1605999998209882, ""K3_candidate_filters"": 2.9878000000280736, ""K9_advisory_consensus"": 0.009500000032858225, ""K4_nli_and_bypass_check"": 5535.036599999785, ""K5_decision"": 2519.354300000032}",28552
FACTURK-0057,YALAN,"[3097, 4856, 9366, 17372, 5125]","[0.008610767312347889, 1.7640200894675218e-05, 0.00017813111480791122, 0.00016474656877107918, 4.9086618673754856e-05]","[0.02493450790643692, 0.9729329943656921, 0.002132443245500326]","[0.02493450790643692, 0.9729329943656921, 0.002132443245500326]",False,YETERSİZ VERİ,RET,True,False,24005.465600000207,"{""K1_input_and_readiness"": 0.10299999985363684, ""K7_context"": 0.002100000074278796, ""K1_normalization"": 0.02099999983329326, ""K6_advisory"": 806.4303000001019, ""K1_intent"": 0.060399999711080454, ""K2_retrieval"": 900.876100000005, ""K3_reranker"": 18477.754300000015, ""K8_weighted_ranking"": 0.6566000001839711, ""K3_candidate_filters"": 2.8173000000606407, ""K9_advisory_consensus"": 0.010900000233959872, ""K4_nli_and_bypass_check"": 3812.3390999999174, ""K5_decision"": 0.27329999966241303}",3097
FACTURK-0058,YALAN,"[5087, 10302, 9366, 3873, 11058]","[0.003350423648953438, 0.00023597174731548876, 0.0005953406798653305, 0.00016865275392774493, 0.00838045310229063]","[0.9598263502120972, 0.03945508599281311, 0.000718554831109941]","[0.9598263502120972, 0.03945508599281311, 0.000718554831109941]",False,DOĞRU,ONAY,False,False,22526.250100000198,"{""K1_input_and_readiness"": 0.06330000041998574, ""K7_context"": 0.002000000222324161, ""K1_normalization"": 0.011099999937869143, ""K6_advisory"": 546.0153999997601, ""K1_intent"": 0.04109999963475275, ""K2_retrieval"": 632.4574000000212, ""K3_reranker"": 10631.739200000084, ""K8_weighted_ranking"": 0.7039000001896056, ""K3_candidate_filters"": 2.7368000000933534, ""K9_advisory_consensus"": 0.009099999715544982, ""K4_nli_and_bypass_check"": 6743.792799999937, ""K5_decision"": 3963.855099999819}",5087
FACTURK-0059,YALAN,"[4488, 28595, 2240, 17376, 15364]","[0.8834372758865356, 0.008745182305574417, 0.0003569706459529698, 3.21923362207599e-05, 0.0009290033485740423]","[0.019235901534557343, 0.00754761416465044, 0.9732164740562439]","[0.019235901534557343, 0.00754761416465044, 0.9732164740562439]",False,YALAN,UYARI,False,False,23522.848300000078,"{""K1_input_and_readiness"": 0.0710999997863837, ""K7_context"": 0.002000000222324161, ""K1_normalization"": 0.013200000012147939, ""K6_advisory"": 645.9955999998783, ""K1_intent"": 0.045199999931355705, ""K2_retrieval"": 769.7597999999743, ""K3_reranker"": 14537.591999999677, ""K8_weighted_ranking"": 0.7565999999314954, ""K3_candidate_filters"": 3.1361999999717227, ""K9_advisory_consensus"": 0.03220000007786439, ""K4_nli_and_bypass_check"": 5430.67579999979, ""K5_decision"": 2128.458600000158}",4488
FACTURK-0060,YALAN,"[4807, 9908, 26303, 8880, 21723]","[0.9994725584983826, 8.284655632451177e-05, 0.07864238321781158, 0.009090383537113667, 5.3075080359121785e-05]",null,"[0.0, 0.0, 1.0]",True,YALAN,UYARI,False,False,14189.820199999758,"{""K1_input_and_readiness"": 0.07709999999860884, ""K7_context"": 0.002499999936844688, ""K1_normalization"": 0.013500000022759195, ""K6_advisory"": 565.1181999996879, ""K1_intent"": 0.09369999997943523, ""K2_retrieval"": 694.1037000001415, ""K3_reranker"": 12917.238200000156, ""K8_weighted_ranking"": 2.5748000002749905, ""K3_candidate_filters"": 2.693900000394933, ""K9_advisory_consensus"": 0.009299999874201603, ""K4_nli_and_bypass_check"": 0.5384999999478168, ""K5_decision"": 0.6425000001399894}",4807
FACTURK-0061,DOĞRU,"[25762, 29858, 7924, 27017, 23520]","[1.6061610949691385e-05, 7.368592923739925e-05, 0.0007437028689309955, 0.0013885232619941235, 0.0012113064294680953]","[0.0006523123593069613, 0.9989978671073914, 0.00034984026569873095]","[0.0006523123593069613, 0.9989978671073914, 0.00034984026569873095]",False,YETERSİZ VERİ,RET,True,False,22301.863499999854,"{""K1_input_and_readiness"": 0.10100000008606003, ""K7_context"": 0.0021999999262334313, ""K1_normalization"": 0.018400000044493936, ""K6_advisory"": 728.8729000001695, ""K1_intent"": 0.17669999988356722, ""K2_retrieval"": 697.7432000003319, ""K3_reranker"": 16625.61790000018, ""K8_weighted_ranking"": 1.3439999997899577, ""K3_candidate_filters"": 2.763299999969604, ""K9_advisory_consensus"": 0.01159999965238967, ""K4_nli_and_bypass_check"": 4237.869699999919, ""K5_decision"": 0.8121000000755885}",27017
FACTURK-0062,YALAN,"[9588, 11956, 26639, 21432, 4440]","[0.004264634568244219, 5.1845658163074404e-05, 0.0023231625091284513, 0.14414885640144348, 0.013955709524452686]","[0.002222304465249181, 0.9962651133537292, 0.0015125229256227612]","[0.002222304465249181, 0.9962651133537292, 0.0015125229256227612]",False,YETERSİZ VERİ,RET,True,False,50764.737500000134,"{""K1_input_and_readiness"": 0.1658000001043547, ""K7_context"": 0.006499999926745659, ""K1_normalization"": 0.03500000002532033, ""K6_advisory"": 931.9327999996858, ""K1_intent"": 0.07409999989249627, ""K2_retrieval"": 949.6112000001631, ""K3_reranker"": 14716.33120000024, ""K8_weighted_ranking"": 0.7274999998116982, ""K3_candidate_filters"": 2.196899999944435, ""K9_advisory_consensus"": 0.008900000011635711, ""K4_nli_and_bypass_check"": 21061.348499999895, ""K5_decision"": 13096.167700000024}",9588
FACTURK-0063,YALAN,"[176, 233, 1795, 17124, 12268]","[0.00032503585680387914, 0.00033535013790242374, 0.0013406204525381327, 1.7097478121286258e-05, 3.1693256460130215e-05]","[0.9889016151428223, 0.010658113285899162, 0.0004403426719363779]","[0.9889016151428223, 0.010658113285899162, 0.0004403426719363779]",False,YETERSİZ VERİ,KISMI,True,False,63350.78720000001,"{""K1_input_and_readiness"": 0.10530000008657225, ""K7_context"": 0.0021999999262334313, ""K1_normalization"": 0.017500000012660166, ""K6_advisory"": 983.4648999999445, ""K1_intent"": 0.09920000002239249, ""K2_retrieval"": 929.2505999997047, ""K3_reranker"": 19084.2961999997, ""K8_weighted_ranking"": 0.7003000000622706, ""K3_candidate_filters"": 2.590200000213372, ""K9_advisory_consensus"": 0.009200000022246968, ""K4_nli_and_bypass_check"": 24014.759899999717, ""K5_decision"": 18318.235299999742}",17124
FACTURK-0064,YALAN,"[10902, 12442, 11993, 26175, 26184]","[0.047337714582681656, 0.00018814207578543574, 0.029145970940589905, 0.0002591582597233355, 0.00013135180051904172]","[9.721017704578117e-05, 0.9996461868286133, 0.0002566154289525002]","[9.721017704578117e-05, 0.9996461868286133, 0.0002566154289525002]",False,YALAN,UYARI,False,False,28157.637899999827,"{""K1_input_and_readiness"": 0.09390000013809185, ""K7_context"": 0.0022999997781880666, ""K1_normalization"": 0.015700000403739978, ""K6_advisory"": 909.157999999934, ""K1_intent"": 0.06180000036692945, ""K2_retrieval"": 861.1332000000402, ""K3_reranker"": 10240.188800000396, ""K8_weighted_ranking"": 0.6628000001001055, ""K3_candidate_filters"": 2.6137999998354644, ""K9_advisory_consensus"": 0.00959999988481286, ""K4_nli_and_bypass_check"": 9922.381500000029, ""K5_decision"": 6216.045300000133}",10902
FACTURK-0065,DOĞRU,"[14949, 23236, 2457, 18086, 5266]","[0.9919691681861877, 0.18010666966438293, 4.0694576455280185e-05, 0.028274601325392723, 0.03155902028083801]","[0.0007715502288192511, 0.0003210023860447109, 0.9989074468612671]","[0.0007715502288192511, 0.0003210023860447109, 0.9989074468612671]",False,YETERSİZ VERİ,KISMI,True,False,34267.172500000015,"{""K1_input_and_readiness"": 0.11679999988700729, ""K7_context"": 0.00760000011723605, ""K1_normalization"": 0.03839999999399879, ""K6_advisory"": 913.0743000000621, ""K1_intent"": 0.12489999971876387, ""K2_retrieval"": 968.6996000000363, ""K3_reranker"": 16909.928000000036, ""K8_weighted_ranking"": 1.2643999998545041, ""K3_candidate_filters"": 11.188299999957962, ""K9_advisory_consensus"": 0.010100000054080738, ""K4_nli_and_bypass_check"": 10990.077399999791, ""K5_decision"": 4459.949700000379}",14949
FACTURK-0066,DOĞRU,"[29368, 5197, 815, 19824, 19632]","[1.6571451851632446e-05, 1.7778551409719512e-05, 1.9373936083866283e-05, 1.6701422282494605e-05, 3.70529705833178e-05]","[0.016505546867847443, 0.9171532988548279, 0.0663411095738411]","[0.016505546867847443, 0.9171532988548279, 0.0663411095738411]",False,YALAN,RED,False,False,31725.98199999993,"{""K1_input_and_readiness"": 0.06780000012440723, ""K7_context"": 0.0022999997781880666, ""K1_normalization"": 0.018900000213761814, ""K6_advisory"": 792.5892000002932, ""K1_intent"": 0.05400000009103678, ""K2_retrieval"": 1058.6978000001181, ""K3_reranker"": 15775.862600000437, ""K8_weighted_ranking"": 1.0252000001855777, ""K3_candidate_filters"": 10.415199999897595, ""K9_advisory_consensus"": 0.012999999853491317, ""K4_nli_and_bypass_check"": 9074.310399999831, ""K5_decision"": 4999.602500000037}",5197
FACTURK-0067,YALAN,"[25127, 24368, 25037, 23632, 17721]","[0.0005172813544049859, 0.0009697519708424807, 0.00017400544311385602, 0.00029365462251007557, 0.001838665222749114]","[0.08786559849977493, 0.9022665023803711, 0.009867879562079906]","[0.08786559849977493, 0.9022665023803711, 0.009867879562079906]",False,YETERSİZ VERİ,RET,True,False,62703.04220000026,"{""K1_input_and_readiness"": 0.13489999992088997, ""K7_context"": 0.0035000002753804438, ""K1_normalization"": 0.038099999983387534, ""K6_advisory"": 810.2635000000191, ""K1_intent"": 0.0938999996833445, ""K2_retrieval"": 1058.498899999904, ""K3_reranker"": 38459.00790000042, ""K8_weighted_ranking"": 3.927499999917927, ""K3_candidate_filters"": 7.085600000209524, ""K9_advisory_consensus"": 0.010000000202126103, ""K4_nli_and_bypass_check"": 14379.60140000041, ""K5_decision"": 7961.178200000177}",24368
FACTURK-0068,YALAN,"[1499, 27564, 21058, 24217, 6308]","[0.0033634924329817295, 0.1108555942773819, 0.00013238185783848166, 0.002746900776401162, 0.00216576736420393]","[0.9956310987472534, 0.0035455080214887857, 0.0008234278066083789]","[0.9956310987472534, 0.0035455080214887857, 0.0008234278066083789]",False,DOĞRU,ONAY,False,False,42382.11169999977,"{""K1_input_and_readiness"": 0.136099999963335, ""K7_context"": 0.0027000000955013093, ""K1_normalization"": 0.030700000024808105, ""K6_advisory"": 1336.3641999999345, ""K1_intent"": 0.06260000009206124, ""K2_retrieval"": 1414.993400000185, ""K3_reranker"": 32160.37379999989, ""K8_weighted_ranking"": 0.7291000001714565, ""K3_candidate_filters"": 6.092600000101811, ""K9_advisory_consensus"": 0.009900000350171467, ""K4_nli_and_bypass_check"": 7447.270500000286, ""K5_decision"": 0.6310000003395544}",27564
FACTURK-0069,DOĞRU,"[23489, 26855, 2558, 15124, 4904]","[0.9937345385551453, 1.6187581422855146e-05, 1.9679026081576012e-05, 1.6061610949691385e-05, 0.00011412239109631628]","[0.0007478372426703572, 0.0003111366822849959, 0.9989410042762756]","[0.0007478372426703572, 0.0003111366822849959, 0.9989410042762756]",False,YALAN,RED,False,False,25570.805299999847,"{""K1_input_and_readiness"": 0.0915000000532018, ""K7_context"": 0.0021999999262334313, ""K1_normalization"": 0.018000000181928044, ""K6_advisory"": 955.4297999998198, ""K1_intent"": 0.11549999999260763, ""K2_retrieval"": 1029.8913000001448, ""K3_reranker"": 19653.78929999997, ""K8_weighted_ranking"": 1.335200000085024, ""K3_candidate_filters"": 2.6336999999330146, ""K9_advisory_consensus"": 0.010900000233959872, ""K4_nli_and_bypass_check"": 3914.1089000004285, ""K5_decision"": 0.7120000000213622}",23489
