claim_id,gold_verdict,final_verdict,raw_status,abstained,latency_ms
FACTURK-0001,YALAN,YALAN,UYARI,False,3469.8717999999644
FACTURK-0002,YALAN,YETERSİZ VERİ,RET,True,712.3851999931503
FACTURK-0003,DOĞRU,YETERSİZ VERİ,RET,True,593.8769000058528
FACTURK-0004,YALAN,YETERSİZ VERİ,RET,True,376.7433000029996
FACTURK-0005,YALAN,YALAN,RED,False,275.90009999403264
FACTURK-0006,YALAN,YALAN,UYARI,False,691.2222999962978
FACTURK-0007,YALAN,YETERSİZ VERİ,RET,True,332.71319999767
FACTURK-0008,DOĞRU,YALAN,RED,False,257.9097999987425
FACTURK-0009,DOĞRU,YALAN,RED,False,854.068600005121
FACTURK-0010,YALAN,YALAN,UYARI,False,442.12639999750536
FACTURK-0011,YALAN,YETERSİZ VERİ,RET,True,569.7038999933284
FACTURK-0012,DOĞRU,YETERSİZ VERİ,RET,True,818.3873000089079
FACTURK-0013,DOĞRU,YETERSİZ VERİ,RET,True,284.4674999942072
FACTURK-0014,YALAN,YETERSİZ VERİ,RET,True,735.0600000063423
FACTURK-0015,YALAN,YETERSİZ VERİ,RET,True,1218.7903000012739
FACTURK-0016,DOĞRU,YETERSİZ VERİ,RET,True,740.8958000014536
FACTURK-0017,YALAN,YETERSİZ VERİ,RET,True,258.05879999825265
FACTURK-0018,YALAN,DOĞRU,ONAY,False,1035.459799997625
FACTURK-0019,YALAN,YETERSİZ VERİ,RET,True,317.22609999997076
FACTURK-0020,YALAN,YALAN,RED,False,484.4608999992488
FACTURK-0021,YALAN,YALAN,RED,False,1138.5090999974636
FACTURK-0022,DOĞRU,YETERSİZ VERİ,RET,True,300.080800006981
FACTURK-0023,YALAN,YETERSİZ VERİ,RET,True,304.42929999844637
FACTURK-0024,DOĞRU,YETERSİZ VERİ,RET,True,314.67849999899045
FACTURK-0025,YALAN,YALAN,RED,False,486.31559999193996
FACTURK-0026,YALAN,YETERSİZ VERİ,RET,True,597.1854999952484
FACTURK-0027,DOĞRU,DOĞRU,ONAY,False,317.745799999102
FACTURK-0028,DOĞRU,YALAN,UYARI,False,1180.8778999984497
FACTURK-0029,DOĞRU,DOĞRU,ONAY,False,368.40680000022985
FACTURK-0030,YALAN,YETERSİZ VERİ,RET,True,326.0488000087207
FACTURK-0031,DOĞRU,YETERSİZ VERİ,RET,True,249.34520000533666
FACTURK-0032,DOĞRU,YETERSİZ VERİ,RET,True,753.275199997006
FACTURK-0033,DOĞRU,YALAN,RED,False,422.63119999552146
FACTURK-0034,YALAN,YETERSİZ VERİ,RET,True,327.4004999984754
FACTURK-0035,DOĞRU,DOĞRU,ONAY,False,470.96749999036547
FACTURK-0036,YALAN,DOĞRU,ONAY,False,630.5982000048971
FACTURK-0037,YALAN,YETERSİZ VERİ,RET,True,2009.8022999882232
FACTURK-0038,DOĞRU,DOĞRU,ONAY,False,1984.488300004159
FACTURK-0039,DOĞRU,YALAN,RED,False,235.85320000711363
FACTURK-0040,DOĞRU,YETERSİZ VERİ,RET,True,437.60499999916647
FACTURK-0041,DOĞRU,YALAN,UYARI,False,505.18389999342617
FACTURK-0042,YALAN,YETERSİZ VERİ,RET,True,978.0260999978054
FACTURK-0043,YALAN,YETERSİZ VERİ,RET,True,919.7758999944199
FACTURK-0044,YALAN,DOĞRU,ONAY,False,1038.237400003709
FACTURK-0045,YALAN,YALAN,UYARI,False,684.0418000065256
FACTURK-0046,DOĞRU,DOĞRU,ONAY,False,437.3279999999795
FACTURK-0047,DOĞRU,YETERSİZ VERİ,RET,True,570.04410000809
FACTURK-0048,YALAN,YALAN,UYARI,False,298.46020000695717
FACTURK-0049,DOĞRU,YETERSİZ VERİ,RET,True,665.3083999990486
FACTURK-0050,YALAN,YALAN,UYARI,False,410.46949999872595
FACTURK-0051,YALAN,DOĞRU,ONAY,False,417.3898000008194
FACTURK-0052,DOĞRU,YETERSİZ VERİ,RET,True,333.40750000206754
FACTURK-0053,DOĞRU,YETERSİZ VERİ,RET,True,282.17780000704806
FACTURK-0054,YALAN,YETERSİZ VERİ,RET,True,490.21319999883417
FACTURK-0055,DOĞRU,YALAN,RED,False,240.15779999899678
FACTURK-0056,YALAN,YETERSİZ VERİ,KISMI,True,340.78119999321643
FACTURK-0057,YALAN,YETERSİZ VERİ,RET,True,305.8714000071632
FACTURK-0058,YALAN,DOĞRU,ONAY,False,487.30690000229515
FACTURK-0059,YALAN,YALAN,UYARI,False,370.1606999966316
FACTURK-0060,YALAN,YALAN,UYARI,False,155.5034000048181
FACTURK-0061,DOĞRU,DOĞRU,ONAY,False,1729.3748000083724
FACTURK-0062,YALAN,YETERSİZ VERİ,RET,True,1083.1188000011025
FACTURK-0063,YALAN,DOĞRU,ONAY,False,1043.7072000058834
FACTURK-0064,YALAN,YALAN,UYARI,False,597.201500000665
FACTURK-0065,DOĞRU,YETERSİZ VERİ,KISMI,True,438.8191000034567
FACTURK-0066,DOĞRU,YALAN,RED,False,588.7611999933142
FACTURK-0067,YALAN,YETERSİZ VERİ,RET,True,666.8559999961872
FACTURK-0068,YALAN,DOĞRU,ONAY,False,299.9042999872472
FACTURK-0069,DOĞRU,YALAN,RED,False,234.33639999711886
FACTURK-0070,DOĞRU,DOĞRU,ONAY,False,497.23459999950137
FACTURK-0071,YALAN,YALAN,RED,False,745.1004000031389
FACTURK-0072,DOĞRU,YETERSİZ VERİ,RET,True,728.6947999964468
FACTURK-0073,YALAN,YALAN,UYARI,False,955.2001999982167
FACTURK-0074,DOĞRU,DOĞRU,ONAY,False,609.248499997193
FACTURK-0075,YALAN,YETERSİZ VERİ,RET,True,254.64340001053642
FACTURK-0076,YALAN,YALAN,UYARI,False,625.7742000016151
FACTURK-0077,YALAN,DOĞRU,ONAY,False,341.1918999918271
FACTURK-0078,DOĞRU,YALAN,RED,False,317.5329999940004
FACTURK-0079,YALAN,YALAN,UYARI,False,738.8000999926589
FACTURK-0080,YALAN,DOĞRU,ONAY,False,623.4522000013385
FACTURK-0081,DOĞRU,YETERSİZ VERİ,RET,True,373.6746999929892
FACTURK-0082,YALAN,YETERSİZ VERİ,RET,True,854.5338999974774
FACTURK-0083,DOĞRU,DOĞRU,ONAY,False,430.31490000430495
FACTURK-0084,DOĞRU,YETERSİZ VERİ,RET,True,1182.4565999995684
FACTURK-0085,DOĞRU,YALAN,RED,False,871.2768999976106
FACTURK-0086,DOĞRU,YETERSİZ VERİ,RET,True,343.7266999972053
FACTURK-0087,DOĞRU,DOĞRU,ONAY,False,443.3062999887625
FACTURK-0088,DOĞRU,DOĞRU,ONAY,False,340.6626999931177
FACTURK-0089,DOĞRU,DOĞRU,ONAY,False,331.99030000832863
FACTURK-0090,YALAN,YALAN,RED,False,582.8092999872752
FACTURK-0091,DOĞRU,YALAN,RED,False,375.26630000502337
FACTURK-0092,YALAN,YETERSİZ VERİ,RET,True,631.185899997945
FACTURK-0093,YALAN,YETERSİZ VERİ,RET,True,243.7489000003552
FACTURK-0094,YALAN,YETERSİZ VERİ,RET,True,797.2367999900598
FACTURK-0095,DOĞRU,YETERSİZ VERİ,RET,True,892.6267000060761
FACTURK-0096,YALAN,YETERSİZ VERİ,RET,True,358.95480000181124
FACTURK-0097,YALAN,YETERSİZ VERİ,RET,True,666.332799999509
FACTURK-0098,YALAN,DOĞRU,ONAY,False,425.91090001224075
FACTURK-0099,YALAN,YETERSİZ VERİ,RET,True,504.85359999584034
FACTURK-0100,DOĞRU,YETERSİZ VERİ,RET,True,591.3042999891331
FACTURK-0101,YALAN,YALAN,UYARI,False,698.8156000006711
FACTURK-0102,YALAN,YETERSİZ VERİ,RET,True,633.1226000038441
FACTURK-0103,YALAN,YETERSİZ VERİ,RET,True,951.4034000021638
FACTURK-0104,DOĞRU,YETERSİZ VERİ,KISMI,True,304.6638000087114
FACTURK-0105,DOĞRU,YETERSİZ VERİ,RET,True,410.66890000365674
FACTURK-0106,DOĞRU,YALAN,UYARI,False,458.74600000388455
FACTURK-0107,YALAN,YETERSİZ VERİ,RET,True,285.56530000059865
FACTURK-0108,DOĞRU,YETERSİZ VERİ,KISMI,True,327.57090000086464
FACTURK-0109,YALAN,YETERSİZ VERİ,KISMI,True,705.6337999965763
FACTURK-0110,YALAN,YALAN,RED,False,772.0284999959404
FACTURK-0111,DOĞRU,YETERSİZ VERİ,RET,True,501.6705999878468
FACTURK-0112,YALAN,DOĞRU,ONAY,False,902.1120999968844
FACTURK-0113,YALAN,YALAN,UYARI,False,407.98699999868404
FACTURK-0114,DOĞRU,DOĞRU,ONAY,False,227.35180000017863
FACTURK-0115,DOĞRU,DOĞRU,ONAY,False,682.3041000025114
FACTURK-0116,DOĞRU,YALAN,UYARI,False,726.7120000033174
FACTURK-0117,DOĞRU,DOĞRU,ONAY,False,452.70770000934135
FACTURK-0118,DOĞRU,YETERSİZ VERİ,RET,True,295.21259998728056
FACTURK-0119,YALAN,YALAN,UYARI,False,695.6864999956451
FACTURK-0120,YALAN,YALAN,UYARI,False,254.39680000999942
FACTURK-0121,YALAN,YETERSİZ VERİ,RET,True,1902.3825000040233
FACTURK-0122,YALAN,DOĞRU,ONAY,False,327.056200010702
FACTURK-0123,DOĞRU,YALAN,RED,False,693.5717000014847
FACTURK-0124,YALAN,DOĞRU,ONAY,False,506.74009999784175
FACTURK-0125,DOĞRU,DOĞRU,ONAY,False,228.0522000073688
FACTURK-0126,DOĞRU,YETERSİZ VERİ,RET,True,791.9401999970432
FACTURK-0127,YALAN,YETERSİZ VERİ,RET,True,1779.4705999986036
FACTURK-0128,DOĞRU,YALAN,UYARI,False,1178.999499999918
FACTURK-0129,DOĞRU,YALAN,UYARI,False,825.3624999924796
FACTURK-0130,DOĞRU,YALAN,RED,False,265.94540000951383
FACTURK-0131,DOĞRU,YALAN,RED,False,261.4806000055978
FACTURK-0132,YALAN,YETERSİZ VERİ,RET,True,253.0836000078125
FACTURK-0133,DOĞRU,YETERSİZ VERİ,RET,True,776.4310000056867
FACTURK-0134,DOĞRU,YETERSİZ VERİ,RET,True,631.6455000051064
FACTURK-0135,DOĞRU,YALAN,RED,False,610.2939999982482
FACTURK-0136,DOĞRU,DOĞRU,ONAY,False,172.96510000596754
FACTURK-0137,YALAN,YALAN,UYARI,False,660.4258000006666
FACTURK-0138,YALAN,YETERSİZ VERİ,RET,True,852.1258999971906
FACTURK-0139,DOĞRU,DOĞRU,ONAY,False,473.58510000049137
FACTURK-0140,YALAN,YETERSİZ VERİ,RET,True,509.66840000182856
FACTURK-0141,DOĞRU,YALAN,RED,False,276.89539999119006
FACTURK-0142,YALAN,YALAN,UYARI,False,318.4731999936048
FACTURK-0143,DOĞRU,DOĞRU,ONAY,False,972.02629999083
FACTURK-0144,YALAN,YETERSİZ VERİ,KISMI,True,400.3850000008242
FACTURK-0145,YALAN,YALAN,UYARI,False,888.9699999999721
FACTURK-0146,YALAN,DOĞRU,ONAY,False,323.9189999876544
FACTURK-0147,YALAN,YALAN,UYARI,False,659.4436999876052
FACTURK-0148,YALAN,DOĞRU,ONAY,False,803.6687999992864
FACTURK-0149,DOĞRU,DOĞRU,ONAY,False,858.0043000110891
FACTURK-0150,YALAN,YETERSİZ VERİ,RET,True,1051.2519000039902
FACTURK-0151,YALAN,YALAN,RED,False,297.1306999970693
FACTURK-0152,YALAN,YETERSİZ VERİ,RET,True,253.5113000049023
FACTURK-0153,YALAN,DOĞRU,ONAY,False,823.662399998284
FACTURK-0154,YALAN,YETERSİZ VERİ,KISMI,True,1063.785000005737
FACTURK-0155,DOĞRU,YALAN,RED,False,653.948200008017
FACTURK-0156,YALAN,YETERSİZ VERİ,RET,True,1036.5019000018947
FACTURK-0157,DOĞRU,YETERSİZ VERİ,RET,True,1877.2243999992497
FACTURK-0158,DOĞRU,YALAN,UYARI,False,729.6213999943575
FACTURK-0159,YALAN,DOĞRU,ONAY,False,312.8833999944618
FACTURK-0160,DOĞRU,YETERSİZ VERİ,RET,True,418.96369999449234
FACTURK-0161,YALAN,YALAN,UYARI,False,294.09470000246074
FACTURK-0162,DOĞRU,DOĞRU,ONAY,False,383.31119999929797
FACTURK-0163,DOĞRU,YETERSİZ VERİ,RET,True,245.90559999342076
FACTURK-0164,YALAN,DOĞRU,ONAY,False,627.4880999990273
FACTURK-0165,YALAN,YETERSİZ VERİ,RET,True,502.2836999996798
FACTURK-0166,DOĞRU,YETERSİZ VERİ,RET,True,340.6315000029281
FACTURK-0167,YALAN,YALAN,UYARI,False,475.6414000003133
FACTURK-0168,YALAN,YALAN,UYARI,False,288.51689999282826
FACTURK-0169,DOĞRU,YETERSİZ VERİ,RET,True,288.5214999987511
FACTURK-0170,YALAN,YETERSİZ VERİ,RET,True,863.290399996913
FACTURK-0171,DOĞRU,YETERSİZ VERİ,RET,True,249.92390000261366
FACTURK-0172,YALAN,YETERSİZ VERİ,RET,True,403.16279999387916
FACTURK-0173,YALAN,YALAN,RED,False,776.9698000047356
FACTURK-0174,YALAN,DOĞRU,ONAY,False,280.5784000083804
FACTURK-0175,YALAN,YETERSİZ VERİ,RET,True,296.2265000096522
FACTURK-0176,YALAN,DOĞRU,ONAY,False,768.8843999931123
FACTURK-0177,YALAN,DOĞRU,ONAY,False,626.7948000022443
FACTURK-0178,YALAN,YALAN,UYARI,False,318.8305999938166
FACTURK-0179,DOĞRU,DOĞRU,ONAY,False,166.7206999991322
FACTURK-0180,YALAN,YETERSİZ VERİ,RET,True,1237.8816999989795
FACTURK-0181,YALAN,YALAN,RED,False,495.7734000054188
FACTURK-0182,DOĞRU,YETERSİZ VERİ,RET,True,406.4322999911383
FACTURK-0183,DOĞRU,YALAN,UYARI,False,423.5890999989351
FACTURK-0184,DOĞRU,YALAN,RED,False,323.4701000037603
FACTURK-0185,DOĞRU,YETERSİZ VERİ,RET,True,947.1511000010651
FACTURK-0186,DOĞRU,DOĞRU,ONAY,False,341.3077000004705
FACTURK-0187,DOĞRU,YETERSİZ VERİ,RET,True,637.9467999940971
FACTURK-0188,YALAN,YETERSİZ VERİ,RET,True,299.7740999999223
FACTURK-0189,DOĞRU,YETERSİZ VERİ,RET,True,623.0108000017935
FACTURK-0190,YALAN,YALAN,RED,False,605.4231000016443
FACTURK-0191,DOĞRU,YALAN,RED,False,374.89500000083353
FACTURK-0192,DOĞRU,YETERSİZ VERİ,RET,True,388.57170000846963
FACTURK-0193,DOĞRU,DOĞRU,ONAY,False,867.7869000093779
FACTURK-0194,DOĞRU,DOĞRU,ONAY,False,1119.9217999965185
FACTURK-0195,YALAN,YALAN,RED,False,539.745000001858
FACTURK-0196,DOĞRU,YALAN,RED,False,264.0990000072634
FACTURK-0197,YALAN,DOĞRU,ONAY,False,384.2341999989003
FACTURK-0198,DOĞRU,YALAN,UYARI,False,1185.7212999893818
FACTURK-0199,DOĞRU,YETERSİZ VERİ,RET,True,604.0304000052856
FACTURK-0200,DOĞRU,YALAN,UYARI,False,529.8043999937363
FACTURK-0201,DOĞRU,DOĞRU,ONAY,False,263.02189999842085
FACTURK-0202,DOĞRU,YETERSİZ VERİ,RET,True,322.11589999496937
FACTURK-0203,YALAN,YALAN,UYARI,False,342.7318999893032
FACTURK-0204,DOĞRU,YETERSİZ VERİ,RET,True,1542.4399000039557
FACTURK-0205,DOĞRU,YETERSİZ VERİ,RET,True,491.91870000504423
FACTURK-0206,YALAN,YALAN,UYARI,False,527.1207000041613
FACTURK-0207,DOĞRU,DOĞRU,ONAY,False,889.6594999969238
FACTURK-0208,DOĞRU,YETERSİZ VERİ,KISMI,True,258.06350000493694
FACTURK-0209,YALAN,YETERSİZ VERİ,RET,True,296.6004000045359
FACTURK-0210,YALAN,DOĞRU,ONAY,False,1412.9997999989428
FACTURK-0211,YALAN,YETERSİZ VERİ,RET,True,1143.289100000402
FACTURK-0212,YALAN,YALAN,RED,False,701.9101000041701
FACTURK-0213,DOĞRU,YALAN,RED,False,305.0088999880245
FACTURK-0214,YALAN,DOĞRU,ONAY,False,279.34899998945184
FACTURK-0215,DOĞRU,YALAN,RED,False,1051.0032000020146
FACTURK-0216,DOĞRU,YALAN,RED,False,802.5405000080355
FACTURK-0217,DOĞRU,YETERSİZ VERİ,RET,True,570.3052000026219
FACTURK-0218,YALAN,YETERSİZ VERİ,RET,True,807.712800000445
FACTURK-0219,YALAN,YETERSİZ VERİ,RET,True,1856.99799998838
FACTURK-0220,DOĞRU,YETERSİZ VERİ,RET,True,251.3420000032056
FACTURK-0221,DOĞRU,YALAN,RED,False,611.3138000073377
FACTURK-0222,DOĞRU,YETERSİZ VERİ,RET,True,290.94949999125674
FACTURK-0223,DOĞRU,DOĞRU,ONAY,False,452.6765000045998
FACTURK-0224,YALAN,YETERSİZ VERİ,RET,True,222.01640000275802
FACTURK-0225,YALAN,YETERSİZ VERİ,RET,True,676.419999988866
FACTURK-0226,DOĞRU,YETERSİZ VERİ,RET,True,368.88740000722464
FACTURK-0227,YALAN,YALAN,UYARI,False,292.7880999923218
FACTURK-0228,YALAN,YETERSİZ VERİ,RET,True,887.1688000072027
FACTURK-0229,YALAN,YETERSİZ VERİ,RET,True,1201.4082000096096
FACTURK-0230,YALAN,YALAN,UYARI,False,835.1518999988912
FACTURK-0231,YALAN,YALAN,RED,False,396.33640000829473
FACTURK-0232,DOĞRU,YALAN,RED,False,475.2844000031473
FACTURK-0233,DOĞRU,YETERSİZ VERİ,RET,True,282.14749999460764
FACTURK-0234,YALAN,YETERSİZ VERİ,RET,True,459.2049000057159
FACTURK-0235,DOĞRU,YALAN,RED,False,301.7258000036236
FACTURK-0236,YALAN,YALAN,UYARI,False,176.18569999467582
FACTURK-0237,DOĞRU,DOĞRU,ONAY,False,385.44379999802914
FACTURK-0238,DOĞRU,YETERSİZ VERİ,RET,True,579.1065999947023
FACTURK-0239,YALAN,DOĞRU,ONAY,False,765.748200006783
FACTURK-0240,YALAN,YETERSİZ VERİ,RET,True,902.5431000045501
FACTURK-0241,DOĞRU,YALAN,RED,False,317.3090000054799
FACTURK-0242,YALAN,YALAN,RED,False,1286.4588999946136
FACTURK-0243,DOĞRU,YALAN,UYARI,False,478.147000001627
FACTURK-0244,DOĞRU,YETERSİZ VERİ,RET,True,771.1939000000712
FACTURK-0245,DOĞRU,DOĞRU,ONAY,False,534.278400009498
FACTURK-0246,DOĞRU,YALAN,RED,False,286.03750000183936
FACTURK-0247,YALAN,YALAN,UYARI,False,320.8178999921074
FACTURK-0248,YALAN,DOĞRU,ONAY,False,528.5610999999335
FACTURK-0249,DOĞRU,YALAN,RED,False,706.7964000016218
FACTURK-0250,YALAN,YALAN,UYARI,False,347.7387000020826
FACTURK-0251,DOĞRU,YETERSİZ VERİ,RET,True,1093.1741999957012
FACTURK-0252,YALAN,YALAN,UYARI,False,187.06189999647904
FACTURK-0253,YALAN,DOĞRU,ONAY,False,1017.9816000018036
FACTURK-0254,YALAN,YETERSİZ VERİ,KISMI,True,261.4880000037374
FACTURK-0255,DOĞRU,YALAN,RED,False,310.27370000083465
FACTURK-0256,YALAN,DOĞRU,ONAY,False,432.37750000844244
FACTURK-0257,DOĞRU,YETERSİZ VERİ,RET,True,291.59000000800006
FACTURK-0258,DOĞRU,YALAN,RED,False,705.1989000028698
FACTURK-0259,DOĞRU,YETERSİZ VERİ,RET,True,611.8305999989389
FACTURK-0260,DOĞRU,YETERSİZ VERİ,RET,True,1115.5817999970168
FACTURK-0261,YALAN,YETERSİZ VERİ,RET,True,1659.2203000036534
FACTURK-0262,DOĞRU,YALAN,RED,False,664.7607000049902
FACTURK-0263,YALAN,YETERSİZ VERİ,RET,True,861.4712999988114
FACTURK-0264,DOĞRU,YETERSİZ VERİ,RET,True,421.1838000046555
FACTURK-0265,YALAN,YETERSİZ VERİ,RET,True,849.97999999905
FACTURK-0266,DOĞRU,YETERSİZ VERİ,RET,True,339.36899999389425
FACTURK-0267,YALAN,YALAN,RED,False,564.3773999909172
FACTURK-0268,YALAN,DOĞRU,ONAY,False,861.2188999977661
FACTURK-0269,DOĞRU,YETERSİZ VERİ,RET,True,341.0943000053521
FACTURK-0270,YALAN,DOĞRU,ONAY,False,774.89549999882
FACTURK-0271,YALAN,YETERSİZ VERİ,RET,True,568.8920999964466
FACTURK-0272,YALAN,YALAN,UYARI,False,558.4233999979915
FACTURK-0273,YALAN,YETERSİZ VERİ,RET,True,784.8407999990741
FACTURK-0274,YALAN,DOĞRU,ONAY,False,851.2328999931924
FACTURK-0275,DOĞRU,YETERSİZ VERİ,RET,True,1330.9323000139557
FACTURK-0276,YALAN,DOĞRU,ONAY,False,852.1164999983739
FACTURK-0277,DOĞRU,DOĞRU,ONAY,False,829.3841999984579
FACTURK-0278,DOĞRU,YALAN,RED,False,954.148200005875
FACTURK-0279,YALAN,YALAN,UYARI,False,309.4885000027716
FACTURK-0280,YALAN,YALAN,RED,False,420.4394999978831
FACTURK-0281,YALAN,YALAN,RED,False,269.4430999981705
FACTURK-0282,DOĞRU,YALAN,RED,False,248.26189999294002
FACTURK-0283,YALAN,YETERSİZ VERİ,RET,True,228.45670000242535
FACTURK-0284,YALAN,YALAN,UYARI,False,418.50739999790676
FACTURK-0285,YALAN,DOĞRU,ONAY,False,429.71889999171253
FACTURK-0286,DOĞRU,YETERSİZ VERİ,RET,True,676.7151999956695
FACTURK-0287,DOĞRU,YETERSİZ VERİ,RET,True,635.3881000104593
FACTURK-0288,DOĞRU,YETERSİZ VERİ,RET,True,478.2322999963071
FACTURK-0289,DOĞRU,DOĞRU,ONAY,False,315.70920000376645
FACTURK-0290,DOĞRU,YALAN,UYARI,False,326.9457999995211
FACTURK-0291,DOĞRU,YALAN,UYARI,False,627.4132999969879
FACTURK-0292,YALAN,YALAN,UYARI,False,273.5028000024613
FACTURK-0293,YALAN,YALAN,RED,False,577.0106999989366
FACTURK-0294,YALAN,DOĞRU,ONAY,False,1344.520200000261
FACTURK-0295,DOĞRU,YALAN,UYARI,False,793.8467000058154
FACTURK-0296,DOĞRU,YETERSİZ VERİ,KISMI,True,181.63469999853987
FACTURK-0297,DOĞRU,YETERSİZ VERİ,RET,True,1404.6784000092885
FACTURK-0298,DOĞRU,YALAN,RED,False,742.090100000496
FACTURK-0299,YALAN,YALAN,RED,False,632.5862000085181
FACTURK-0300,YALAN,DOĞRU,ONAY,False,291.86150000896305
FACTURK-0301,YALAN,DOĞRU,ONAY,False,491.536499990616
FACTURK-0302,YALAN,YETERSİZ VERİ,RET,True,813.2708999910392
FACTURK-0303,YALAN,YALAN,UYARI,False,411.19279999111313
FACTURK-0304,DOĞRU,YETERSİZ VERİ,RET,True,450.92790000489913
FACTURK-0305,DOĞRU,YETERSİZ VERİ,RET,True,504.66510000114795
FACTURK-0306,YALAN,YETERSİZ VERİ,RET,True,577.9965999972774
FACTURK-0307,YALAN,YALAN,RED,False,405.7987999985926
FACTURK-0308,DOĞRU,YETERSİZ VERİ,RET,True,402.16939999663737
FACTURK-0309,YALAN,YETERSİZ VERİ,RET,True,637.4406999966595
FACTURK-0310,YALAN,YETERSİZ VERİ,RET,True,792.7707000053488
FACTURK-0311,DOĞRU,YALAN,RED,False,652.7356999868061
FACTURK-0312,DOĞRU,DOĞRU,ONAY,False,281.9101000059163
FACTURK-0313,DOĞRU,YETERSİZ VERİ,KISMI,True,179.11080000340007
FACTURK-0314,DOĞRU,YETERSİZ VERİ,RET,True,265.4764999897452
FACTURK-0315,YALAN,YETERSİZ VERİ,RET,True,918.971999999485
FACTURK-0316,DOĞRU,DOĞRU,ONAY,False,319.6957000036491
FACTURK-0317,DOĞRU,DOĞRU,ONAY,False,505.4934000072535
FACTURK-0318,YALAN,YETERSİZ VERİ,RET,True,1075.7841000013286
FACTURK-0319,DOĞRU,YALAN,RED,False,1083.4934000013163
FACTURK-0320,YALAN,YETERSİZ VERİ,RET,True,529.011000005994
FACTURK-0321,YALAN,YALAN,UYARI,False,195.20180000108667
FACTURK-0322,YALAN,YETERSİZ VERİ,RET,True,1559.1249999997672
FACTURK-0323,DOĞRU,YETERSİZ VERİ,RET,True,263.81689999834634
FACTURK-0324,DOĞRU,YETERSİZ VERİ,RET,True,976.2510000000475
FACTURK-0325,YALAN,YALAN,RED,False,791.9799999945099
FACTURK-0326,YALAN,YETERSİZ VERİ,RET,True,411.9203000009293
FACTURK-0327,YALAN,DOĞRU,ONAY,False,328.30410001042765
FACTURK-0328,DOĞRU,YETERSİZ VERİ,KISMI,True,334.8760999942897
FACTURK-0329,DOĞRU,YETERSİZ VERİ,RET,True,284.8736000014469
FACTURK-0330,YALAN,YALAN,RED,False,312.835200005793
FACTURK-0331,DOĞRU,DOĞRU,ONAY,False,748.879400009173
FACTURK-0332,YALAN,YETERSİZ VERİ,RET,True,617.5449000002118
FACTURK-0333,YALAN,YETERSİZ VERİ,RET,True,522.9193999985
FACTURK-0334,DOĞRU,DOĞRU,ONAY,False,348.43880000698846
FACTURK-0335,YALAN,YETERSİZ VERİ,KISMI,True,281.3188000000082
FACTURK-0336,DOĞRU,YETERSİZ VERİ,RET,True,218.86470000026748
FACTURK-0337,YALAN,YALAN,UYARI,False,170.71629999554716
FACTURK-0338,YALAN,DOĞRU,ONAY,False,235.92099999950733
FACTURK-0339,DOĞRU,YALAN,UYARI,False,1378.0739000067115
FACTURK-0340,YALAN,YALAN,RED,False,504.23990000854246
FACTURK-0341,DOĞRU,YETERSİZ VERİ,RET,True,551.1260000057518
FACTURK-0342,YALAN,YETERSİZ VERİ,KISMI,True,445.8833000098821
FACTURK-0343,YALAN,YETERSİZ VERİ,RET,True,704.5595999952639
FACTURK-0344,DOĞRU,YALAN,RED,False,358.2155000040075
FACTURK-0345,DOĞRU,YETERSİZ VERİ,KISMI,True,884.439100002055
FACTURK-0346,YALAN,YALAN,UYARI,False,214.0771999984281
FACTURK-0347,DOĞRU,YALAN,UYARI,False,296.8740000069374
FACTURK-0348,DOĞRU,YALAN,RED,False,832.6653999974951
FACTURK-0349,DOĞRU,YETERSİZ VERİ,RET,True,1225.070800006506
FACTURK-0350,DOĞRU,YETERSİZ VERİ,RET,True,795.056899994961
FACTURK-0351,YALAN,DOĞRU,ONAY,False,379.4815000001108
FACTURK-0352,DOĞRU,DOĞRU,ONAY,False,400.85600000747945
FACTURK-0353,YALAN,YALAN,RED,False,2025.9452999889618
FACTURK-0354,DOĞRU,DOĞRU,ONAY,False,410.78350000316277
FACTURK-0355,DOĞRU,YETERSİZ VERİ,RET,True,384.19310000608675
FACTURK-0356,YALAN,YETERSİZ VERİ,RET,True,820.6026999978349
FACTURK-0357,YALAN,DOĞRU,ONAY,False,632.3054000094999
FACTURK-0358,YALAN,YALAN,UYARI,False,376.0997000063071
FACTURK-0359,DOĞRU,YALAN,RED,False,689.343199992436
FACTURK-0360,DOĞRU,YETERSİZ VERİ,KISMI,True,404.4048999930965
FACTURK-0361,DOĞRU,YALAN,UYARI,False,556.6619000019273
FACTURK-0362,DOĞRU,YALAN,UYARI,False,812.5188999983948
FACTURK-0363,YALAN,YALAN,UYARI,False,752.3251000093296
FACTURK-0364,YALAN,YETERSİZ VERİ,RET,True,325.4244999989169
FACTURK-0365,YALAN,YALAN,UYARI,False,712.2572999942349
FACTURK-0366,DOĞRU,YETERSİZ VERİ,RET,True,704.950799990911
FACTURK-0367,DOĞRU,DOĞRU,ONAY,False,325.47599999816157
FACTURK-0368,DOĞRU,YETERSİZ VERİ,KISMI,True,429.9529999989318
FACTURK-0369,YALAN,YALAN,UYARI,False,599.3028999946546
FACTURK-0370,DOĞRU,YETERSİZ VERİ,RET,True,300.63199999858625
FACTURK-0371,DOĞRU,YETERSİZ VERİ,RET,True,605.1181999937398
FACTURK-0372,DOĞRU,YALAN,UYARI,False,288.10440000961535
FACTURK-0373,YALAN,DOĞRU,ONAY,False,1380.1328000117792
FACTURK-0374,DOĞRU,YALAN,UYARI,False,861.7371000000276
FACTURK-0375,YALAN,YETERSİZ VERİ,RET,True,746.8599999992875
FACTURK-0376,DOĞRU,YETERSİZ VERİ,RET,True,300.88949999480974
FACTURK-0377,DOĞRU,DOĞRU,ONAY,False,625.2820999943651
FACTURK-0378,DOĞRU,YETERSİZ VERİ,RET,True,303.91070000769105
FACTURK-0379,DOĞRU,YALAN,UYARI,False,404.48369999649003
FACTURK-0380,YALAN,YALAN,UYARI,False,338.47940000123344
FACTURK-0381,DOĞRU,YALAN,RED,False,347.6527000020724
FACTURK-0382,YALAN,YETERSİZ VERİ,RET,True,1064.307299995562
FACTURK-0383,DOĞRU,DOĞRU,ONAY,False,534.4589000014821
FACTURK-0384,DOĞRU,YALAN,RED,False,278.8592000142671
FACTURK-0385,DOĞRU,YALAN,RED,False,317.8918000048725
FACTURK-0386,YALAN,YETERSİZ VERİ,RET,True,373.5261999972863
FACTURK-0387,YALAN,YALAN,RED,False,847.5084999954561
FACTURK-0388,YALAN,YALAN,UYARI,False,424.87919999985024
FACTURK-0389,YALAN,YALAN,UYARI,False,526.388099999167
FACTURK-0390,DOĞRU,YETERSİZ VERİ,RET,True,772.2247000056086
FACTURK-0391,DOĞRU,YETERSİZ VERİ,RET,True,827.1846999996342
FACTURK-0392,YALAN,DOĞRU,ONAY,False,312.42039999051485
FACTURK-0393,DOĞRU,YETERSİZ VERİ,KISMI,True,312.8075999993598
FACTURK-0394,YALAN,YETERSİZ VERİ,RET,True,817.2506999981124
FACTURK-0395,DOĞRU,YALAN,RED,False,217.73610000673216
FACTURK-0396,YALAN,YALAN,UYARI,False,358.2960999920033
FACTURK-0397,YALAN,YETERSİZ VERİ,RET,True,973.8319000025513
FACTURK-0398,YALAN,YETERSİZ VERİ,RET,True,313.8263000000734
FACTURK-0399,YALAN,DOĞRU,ONAY,False,333.2171000074595
FACTURK-0400,YALAN,YETERSİZ VERİ,RET,True,966.1446999962209
FACTURK-0401,DOĞRU,YALAN,UYARI,False,363.93459999817424
FACTURK-0402,YALAN,YALAN,RED,False,766.3256999949226
FACTURK-0403,YALAN,YALAN,UYARI,False,611.5603000071133
FACTURK-0404,DOĞRU,YETERSİZ VERİ,RET,True,384.25740000093356
FACTURK-0405,YALAN,DOĞRU,ONAY,False,317.026500008069
FACTURK-0406,DOĞRU,YALAN,UYARI,False,672.0604000001913
FACTURK-0407,YALAN,YETERSİZ VERİ,RET,True,320.7232999993721
FACTURK-0408,YALAN,YALAN,UYARI,False,290.7200999907218
FACTURK-0409,YALAN,YALAN,RED,False,667.8267000097549
FACTURK-0410,YALAN,DOĞRU,ONAY,False,861.1183000029996
FACTURK-0411,DOĞRU,YALAN,RED,False,284.209200006444
FACTURK-0412,DOĞRU,YALAN,RED,False,448.7544000003254
FACTURK-0413,DOĞRU,DOĞRU,ONAY,False,298.1008000060683
FACTURK-0414,YALAN,YETERSİZ VERİ,RET,True,1127.9434999887599
FACTURK-0415,DOĞRU,YETERSİZ VERİ,RET,True,722.0515000080923
FACTURK-0416,YALAN,YETERSİZ VERİ,RET,True,963.5897999978624
FACTURK-0417,DOĞRU,YALAN,RED,False,255.49169999430887
FACTURK-0418,YALAN,YALAN,RED,False,1327.0139999949606
FACTURK-0419,DOĞRU,YETERSİZ VERİ,RET,True,299.67139998916537
FACTURK-0420,YALAN,YALAN,UYARI,False,779.0468000021065
FACTURK-0421,YALAN,YALAN,RED,False,155.8394000021508
FACTURK-0422,YALAN,YALAN,UYARI,False,247.65469999692868
FACTURK-0423,DOĞRU,YETERSİZ VERİ,RET,True,668.2786000019405
FACTURK-0424,DOĞRU,YETERSİZ VERİ,RET,True,1122.2437999967951
FACTURK-0425,DOĞRU,YETERSİZ VERİ,RET,True,926.7024000000674
FACTURK-0426,DOĞRU,YETERSİZ VERİ,RET,True,364.24670000269543
FACTURK-0427,YALAN,YETERSİZ VERİ,RET,True,2378.398000000743
FACTURK-0428,YALAN,YETERSİZ VERİ,RET,True,664.9794999975711
FACTURK-0429,DOĞRU,DOĞRU,ONAY,False,302.96860000817105
FACTURK-0430,DOĞRU,YALAN,RED,False,695.7127999921795
FACTURK-0431,DOĞRU,YETERSİZ VERİ,RET,True,1622.2744999977294
FACTURK-0432,DOĞRU,YETERSİZ VERİ,RET,True,433.7277000013273
FACTURK-0433,YALAN,YETERSİZ VERİ,KISMI,True,1152.7578999957768
FACTURK-0434,DOĞRU,DOĞRU,ONAY,False,862.8079000045545
FACTURK-0435,DOĞRU,YETERSİZ VERİ,RET,True,679.4950000039535
FACTURK-0436,YALAN,DOĞRU,ONAY,False,860.4914000025019
FACTURK-0437,DOĞRU,YALAN,RED,False,604.3626999889966
FACTURK-0438,YALAN,DOĞRU,ONAY,False,622.3895000002813
FACTURK-0439,DOĞRU,DOĞRU,ONAY,False,549.9852000066312
FACTURK-0440,YALAN,YETERSİZ VERİ,RET,True,770.9025000076508
FACTURK-0441,YALAN,DOĞRU,ONAY,False,729.134500012151
FACTURK-0442,YALAN,YETERSİZ VERİ,RET,True,783.4752999915509
FACTURK-0443,YALAN,YETERSİZ VERİ,RET,True,1028.6437000031583
FACTURK-0444,YALAN,YETERSİZ VERİ,RET,True,602.5426999985939
FACTURK-0445,DOĞRU,DOĞRU,ONAY,False,424.5245999918552
FACTURK-0446,YALAN,YETERSİZ VERİ,RET,True,327.4214999983087
FACTURK-0447,DOĞRU,YETERSİZ VERİ,RET,True,647.3837000085041
FACTURK-0448,DOĞRU,YALAN,RED,False,294.57410000031814
FACTURK-0449,DOĞRU,DOĞRU,ONAY,False,454.598199998145
FACTURK-0450,DOĞRU,YETERSİZ VERİ,KISMI,True,728.4363000071608
FACTURK-0451,DOĞRU,DOĞRU,ONAY,False,208.20259999891277
FACTURK-0452,YALAN,YALAN,RED,False,255.70180000795517
FACTURK-0453,DOĞRU,DOĞRU,ONAY,False,837.0543999917572
FACTURK-0454,DOĞRU,YALAN,RED,False,607.6035000005504
FACTURK-0455,DOĞRU,YALAN,UYARI,False,377.8041000041412
FACTURK-0456,DOĞRU,YALAN,RED,False,600.4820999951335
FACTURK-0457,DOĞRU,YALAN,RED,False,343.03589999035466
FACTURK-0458,DOĞRU,YETERSİZ VERİ,RET,True,292.0100000046659
FACTURK-0459,DOĞRU,YETERSİZ VERİ,RET,True,439.4976999901701
FACTURK-0460,DOĞRU,YETERSİZ VERİ,RET,True,1053.049900001497
FACTURK-0461,DOĞRU,YETERSİZ VERİ,RET,True,575.7447000069078
FACTURK-0462,DOĞRU,YETERSİZ VERİ,KISMI,True,354.34790000726935
FACTURK-0463,DOĞRU,DOĞRU,ONAY,False,295.1438999880338
FACTURK-0464,DOĞRU,YETERSİZ VERİ,KISMI,True,586.2832999991952
FACTURK-0465,DOĞRU,YALAN,RED,False,564.3359999958193
FACTURK-0466,YALAN,YALAN,RED,False,575.2043999964371
FACTURK-0467,YALAN,YALAN,RED,False,734.885600002599
FACTURK-0468,YALAN,YALAN,UYARI,False,297.0573000056902
FACTURK-0469,DOĞRU,YALAN,RED,False,628.1531999993604
FACTURK-0470,DOĞRU,YALAN,RED,False,354.676599992672
FACTURK-0471,YALAN,YETERSİZ VERİ,RET,True,1714.243800000986
FACTURK-0472,DOĞRU,YETERSİZ VERİ,RET,True,767.0922000106657
FACTURK-0473,YALAN,YALAN,RED,False,1106.1741999874357
FACTURK-0474,DOĞRU,YETERSİZ VERİ,KISMI,True,422.6215999951819
FACTURK-0475,YALAN,YETERSİZ VERİ,RET,True,1231.1570000019856
FACTURK-0476,DOĞRU,YALAN,RED,False,1127.335299999686
FACTURK-0477,YALAN,YALAN,UYARI,False,276.8895000044722
FACTURK-0478,DOĞRU,YETERSİZ VERİ,RET,True,848.021300000255
FACTURK-0479,DOĞRU,YETERSİZ VERİ,RET,True,841.7907999973977
FACTURK-0480,DOĞRU,YALAN,RED,False,268.07360000384506
FACTURK-0481,YALAN,YETERSİZ VERİ,RET,True,949.1567000077339
FACTURK-0482,DOĞRU,DOĞRU,ONAY,False,192.1235999907367
FACTURK-0483,YALAN,YALAN,RED,False,301.9544999988284
FACTURK-0484,DOĞRU,YETERSİZ VERİ,RET,True,733.9965999999549
FACTURK-0485,YALAN,YALAN,RED,False,626.6410999960499
FACTURK-0486,YALAN,YALAN,UYARI,False,330.8454999933019
FACTURK-0487,YALAN,YETERSİZ VERİ,RET,True,1328.940400009742
FACTURK-0488,YALAN,DOĞRU,ONAY,False,833.2916999934241
FACTURK-0489,YALAN,YALAN,RED,False,1250.6163000070956
FACTURK-0490,YALAN,YETERSİZ VERİ,RET,True,344.60019999824
FACTURK-0491,DOĞRU,YALAN,RED,False,308.1854000047315
FACTURK-0492,DOĞRU,YALAN,RED,False,840.2073999895947
FACTURK-0493,YALAN,YALAN,RED,False,559.9479999946197
FACTURK-0494,YALAN,YETERSİZ VERİ,RET,True,466.4910999999847
FACTURK-0495,YALAN,YALAN,RED,False,349.6873999974923
FACTURK-0496,DOĞRU,YALAN,UYARI,False,487.81060001056176
FACTURK-0497,YALAN,YETERSİZ VERİ,RET,True,598.8079999951879
FACTURK-0498,DOĞRU,DOĞRU,ONAY,False,240.46309999539517
FACTURK-0499,YALAN,YALAN,UYARI,False,318.6494999972638
FACTURK-0500,DOĞRU,YETERSİZ VERİ,KISMI,True,191.05069999932311
