claim_id,source_type,is_web,claim_date,doc_date_raw,doc_date,diff_days,is_dated_window,is_post_claim,is_post_t7,gold_verdict,final_verdict,is_correct,source_url
FACTURK-0002,web,True,2021-03-21T00:00:00+00:00,"Sat, 07 Oct 2017 05:02:34 GMT",2017-10-07T05:02:34+00:00,-1260.79,False,False,False,YALAN,YALAN,True,https://www.memurlar.net/haber/458466/telefonunuzun-dinlendigini-nasil-anlarsiniz.html
FACTURK-0003,web,True,2019-01-17T00:00:00+00:00,"Tue, 15 Jan 2019 08:00:00 GMT",2019-01-15T08:00:00+00:00,-1.67,True,False,False,DOĞRU,DOĞRU,True,https://www.aa.com.tr/tr/bilim-teknoloji/aya-gonderilen-tohumlar-filizlendi/1365263
FACTURK-0006,web,True,,"Tue, 14 Feb 2023 08:00:00 GMT",2023-02-14T08:00:00+00:00,,False,False,False,YALAN,YALAN,True,https://www.trthaber.com/haber/turkiye/rus-arama-kurtarma-ekibi-turkiyedeki-enkazda-150-bin-dolar-buldu-746121.html
FACTURK-0010,local,False,2022-12-31T00:00:00+00:00,,,,True,False,False,YALAN,YALAN,True,https://TeyitOrg-False
FACTURK-0015,web,True,2022-12-31T00:00:00+00:00,"Tue, 03 Jan 2023 08:00:00 GMT",2023-01-03T08:00:00+00:00,3.33,True,True,False,YALAN,YALAN,True,https://www.indyturk.com/node/594476
FACTURK-0016,web,True,2021-10-22T00:00:00+00:00,"Thu, 21 Oct 2021 07:00:00 GMT",2021-10-21T07:00:00+00:00,-0.71,True,False,False,DOĞRU,DOĞRU,True,https://www.cumhuriyet.com.tr/turkiye/diyanetten-garip-zina-yorumu-1878345
FACTURK-0019,web,True,2022-06-29T00:00:00+00:00,"Wed, 29 Jun 2022 07:00:00 GMT",2022-06-29T07:00:00+00:00,0.29,True,True,False,YALAN,DOĞRU,False,https://artigercek.com/guncel/melih-gokcek-adiyamanda-6-milyar-dolarlik-jelibon-rezervi-bulundu-216514h
FACTURK-0020,local,False,2016-04-07T12:31:59+00:00,,,,True,False,False,YALAN,YALAN,True,https://twitter.com/evrenselgzt/status/6.41664e+17
FACTURK-0021,web,True,2023-08-02T00:00:00+00:00,"Tue, 08 Aug 2023 07:00:00 GMT",2023-08-08T07:00:00+00:00,6.29,True,True,False,YALAN,YALAN,True,https://www.gazeteduvar.com.tr/teyit-arastirdi-yalancinin-mumu-yassiya-kadar-degil-yatsiya-kadar-yaniyormus-haber-1631993
FACTURK-0025,local,False,2016-08-26T17:27:12+00:00,,,,True,False,False,YALAN,YALAN,True,https://TRT
FACTURK-0027,local,False,2022-12-02T00:00:00+00:00,,,,True,False,False,DOĞRU,DOĞRU,True,https://TeyitOrg-True
FACTURK-0028,web,True,2024-01-10T00:00:00+00:00,"Thu, 11 Jan 2024 08:00:00 GMT",2024-01-11T08:00:00+00:00,1.33,True,True,False,DOĞRU,YALAN,False,https://www.aa.com.tr/tr/teyithatti/aktuel/videonun-epsteinin-adasindan-kurtulan-turk-cocugu-gosterdigi-iddiasi/1817226
FACTURK-0029,local,False,2020-11-26T00:00:00+00:00,,,,True,False,False,DOĞRU,DOĞRU,True,https://TeyitOrg-True
FACTURK-0031,web,True,2024-08-09T00:00:00+00:00,"Fri, 09 Aug 2024 07:00:00 GMT",2024-08-09T07:00:00+00:00,0.29,True,True,False,DOĞRU,DOĞRU,True,https://www.aa.com.tr/tr/teyithatti/gazze/universite-mezuniyet-torenindeki-topuklu-ayakkabi-uyarisinin-sebebi-ne/1818129
FACTURK-0033,web,True,2025-01-15T00:00:00+00:00,"Wed, 15 Jan 2025 08:00:00 GMT",2025-01-15T08:00:00+00:00,0.33,True,True,False,DOĞRU,DOĞRU,True,https://www.gazeteduvar.com.tr/shakirayi-turkiyede-bir-markette-gosteren-fotograf-gercek-mi-galeri-1749887
FACTURK-0036,web,True,2022-09-13T10:24:50+00:00,"Tue, 22 Dec 2020 08:00:00 GMT",2020-12-22T08:00:00+00:00,-630.1,False,False,False,YALAN,DOĞRU,False,https://www.bbc.com/turkce/haberler-dunya-55409439
FACTURK-0038,web,True,2025-05-20T00:00:00+00:00,"Wed, 05 Oct 2022 07:00:00 GMT",2022-10-05T07:00:00+00:00,-957.71,False,False,False,DOĞRU,DOĞRU,True,https://www.aydinlik.com.tr/fotogaleri/izmire-onunla-girdi-ataturkun-kilicinin-sirri-timur-ile-iliskisi-343292
FACTURK-0040,web,True,2023-11-14T00:00:00+00:00,"Thu, 28 Jun 2018 22:51:50 GMT",2018-06-28T22:51:50+00:00,-1964.05,False,False,False,DOĞRU,YALAN,False,https://www.risalehaber.com/hayvanlar-aleminde-allahin-seffaf-eserleri-678g.htm
FACTURK-0041,web,True,2018-11-23T00:00:00+00:00,"Wed, 02 Oct 2024 07:00:00 GMT",2024-10-02T07:00:00+00:00,2140.29,False,True,True,DOĞRU,DOĞRU,True,https://www.tele1.com.tr/erdogan-kavalayla-ayni-masada
FACTURK-0042,web,True,2025-03-16T00:00:00+00:00,"Fri, 03 Aug 2018 09:04:27 GMT",2018-08-03T09:04:27+00:00,-2416.62,False,False,False,YALAN,DOĞRU,False,https://www.showtv.com.tr/show-ozel-haber/35-saat-oruc-tutuyorlar-188071
FACTURK-0043,web,True,2022-06-13T14:05:41+00:00,"Thu, 21 Apr 2022 07:00:00 GMT",2022-04-21T07:00:00+00:00,-53.3,False,False,False,YALAN,YALAN,True,https://tr.euronews.com/2022/04/21/rusya-n-n-ele-gecirdigi-mariupol-un-stratejik-onemi-ukrayna-n-n-azak-k-y-s-nda-sehri-kalma
FACTURK-0044,local,False,2022-03-01T13:53:39+00:00,,,,True,False,False,YALAN,YALAN,True,https://huggingface.co/datasets/ogozcelik/turkish-fake-news-detection
FACTURK-0046,local,False,2018-12-20T00:00:00+00:00,,,,True,False,False,DOĞRU,DOĞRU,True,https://TeyitOrg-True
FACTURK-0048,local,False,2022-10-12T00:00:00+00:00,,,,True,False,False,YALAN,YALAN,True,https://TeyitOrg-False
FACTURK-0049,web,True,2026-02-05T00:00:00+00:00,"Thu, 05 Feb 2026 08:00:00 GMT",2026-02-05T08:00:00+00:00,0.33,True,True,False,DOĞRU,DOĞRU,True,https://www.mepanews.com/epstein-ile-muhammed-bin-selmanin-fotografi-ortaya-cikti-76178h.htm
FACTURK-0051,local,False,2021-06-27T00:00:00+00:00,,,,True,False,False,YALAN,DOĞRU,False,https://TeyitOrg-False
FACTURK-0053,web,True,2025-03-18T11:40:20+00:00,"Mon, 17 Mar 2025 07:00:00 GMT",2025-03-17T07:00:00+00:00,-1.19,True,False,False,DOĞRU,DOĞRU,True,https://trf1.net/formula-1/hurriyet-gazetesi-f1-avustralya-gp-haberiyle-sinifta-kaldi/17653/
FACTURK-0055,web,True,2021-07-27T14:56:48+00:00,"Sun, 18 Jul 2021 07:00:00 GMT",2021-07-18T07:00:00+00:00,-9.33,False,False,False,DOĞRU,DOĞRU,True,https://www.sozcu.com.tr/turkiyenin-en-buyuk-ciftci-kurulusundan-rekor-borc-wp6545938
FACTURK-0056,web,True,2016-06-21T19:28:05+00:00,"Tue, 21 Jun 2016 07:00:00 GMT",2016-06-21T07:00:00+00:00,-0.52,True,False,False,YALAN,YALAN,True,https://arkeofili.com/ankarada-augustus-tapinagi-yakinindaki-sur-duvari-yikildi/
FACTURK-0059,local,False,2020-08-08T11:06:55+00:00,,,,True,False,False,YALAN,YALAN,True,https://TeyitOrg-False
FACTURK-0060,local,False,2020-08-04T00:00:00+00:00,,,,True,False,False,YALAN,YALAN,True,https://TeyitOrg-False
FACTURK-0065,local,False,2018-06-24T00:00:00+00:00,,,,True,False,False,DOĞRU,DOĞRU,True,https://TeyitOrg-True
FACTURK-0067,local,False,2022-06-17T21:00:23+00:00,,,,True,False,False,YALAN,YALAN,True,https://TeyitOrg-False
FACTURK-0069,local,False,2018-08-21T00:00:00+00:00,,,,True,False,False,DOĞRU,DOĞRU,True,https://TeyitOrg-True
FACTURK-0071,web,True,2023-02-08T09:12:30+00:00,"Thu, 09 Feb 2023 16:09:14 GMT",2023-02-09T16:09:14+00:00,1.29,True,True,False,YALAN,YALAN,True,https://www.aa.com.tr/tr/teyithatti/aktuel/fotog%CC%86raflarin-kahramanmaras%CC%A7in-depremden-o%CC%88ncesini-ve-sonrasini-go%CC%88sterdig%CC%86i-iddiasi/1815331
FACTURK-0074,web,True,2021-06-23T15:16:43+00:00,"Fri, 09 Oct 2020 07:00:00 GMT",2020-10-09T07:00:00+00:00,-257.34,False,False,False,DOĞRU,DOĞRU,True,"https://www.ntv.com.tr/sanat/galeri-matrix-yapimcilari-yesil-kod-icin-ortaya-atilan-iddiayi-dogruladi,ZrJ3JtITf0i-EEFlc4PNmA"
FACTURK-0075,web,True,2023-06-15T00:00:00+00:00,"Tue, 05 Mar 2019 08:00:00 GMT",2019-03-05T08:00:00+00:00,-1562.67,False,False,False,YALAN,DOĞRU,False,https://www.yenisafak.com/teknoloji/gps-takilan-kartalin-20-yillik-yol-haritasi-cikarildi-3449780
FACTURK-0076,local,False,2021-02-15T00:00:00+00:00,,,,True,False,False,YALAN,YALAN,True,https://TeyitOrg-False
FACTURK-0079,web,True,2023-12-21T00:00:00+00:00,"Fri, 23 Oct 2020 07:00:00 GMT",2020-10-23T07:00:00+00:00,-1153.71,False,False,False,YALAN,YALAN,True,https://eksiseyler.com/ilginc-gorunusuyle-temel-reis-karakterine-ilham-veren-barmen-frank-fiegel
FACTURK-0081,local,False,2023-08-21T00:00:00+00:00,,,,True,False,False,DOĞRU,DOĞRU,True,https://TeyitOrg-False
FACTURK-0086,web,True,2020-12-17T11:46:36+00:00,"Tue, 08 Dec 2020 08:00:00 GMT",2020-12-08T08:00:00+00:00,-9.16,False,False,False,DOĞRU,DOĞRU,True,https://www.ozyalvac.com/turkiyede-bir-ilk-tuzlukcuda-asgari-ucret-4-500-lira.html
FACTURK-0087,web,True,2024-02-29T00:00:00+00:00,"Wed, 28 Feb 2024 08:00:00 GMT",2024-02-28T08:00:00+00:00,-0.67,True,False,False,DOĞRU,YALAN,False,https://www.technopat.net/2024/02/28/tasarim-ve-cizim-icin-birebir-lenovo-transparan-ekranli-laptop-mwc-2024-5/
FACTURK-0089,local,False,2019-12-24T00:00:00+00:00,,,,True,False,False,DOĞRU,DOĞRU,True,https://TeyitOrg-True
FACTURK-0090,web,True,2017-09-08T09:14:15+00:00,"Tue, 27 May 2025 07:00:00 GMT",2025-05-27T07:00:00+00:00,2817.91,False,True,True,YALAN,DOĞRU,False,https://www.yenisafak.com/galeri/ozgun/tcdd-iskur-uzerinden-140-tren-makinisti-alacak-tcdd-makinist-kursiyeri-alimi-basvuru-sartlari-neler-basvurular-nasil-ne-zaman-yapilacak-4711586
FACTURK-0091,local,False,2020-06-14T00:00:00+00:00,,,,True,False,False,DOĞRU,YALAN,False,https://TeyitOrg-True
FACTURK-0094,web,True,2019-06-11T00:00:00+00:00,"Sat, 04 Oct 2025 07:00:00 GMT",2025-10-04T07:00:00+00:00,2307.29,False,True,True,YALAN,YALAN,True,https://cukurovagazetesi.com/omer-tayyip-erdogan-kimdir-omer-tayyip-erdogan-kimin-oglu-babasi-kim
FACTURK-0095,web,True,2019-04-07T00:00:00+00:00,"Tue, 09 Apr 2019 07:00:00 GMT",2019-04-09T07:00:00+00:00,2.29,True,True,False,DOĞRU,YALAN,False,https://www.internethaber.com/a-habere-secim-analisti-olarak-baglanmisti-kenan-demir-ilk-kez-konustu-foto-galerisi-2013398.htm
FACTURK-0098,web,True,2021-02-04T14:02:47+00:00,"Wed, 08 May 2024 07:00:00 GMT",2024-05-08T07:00:00+00:00,1188.71,False,True,True,YALAN,DOĞRU,False,https://www.aa.com.tr/tr/teyithatti/aktuel/fotograftaki-evler-suriyeliler-icin-insa-edildi-iddiasi/1817723
FACTURK-0102,web,True,,"Sun, 04 Sep 2022 07:00:00 GMT",2022-09-04T07:00:00+00:00,,False,False,False,YALAN,DOĞRU,False,https://www.yeniasir.com.tr/yasam/2022/09/04/bill-gatesin-sivrisinek-paylasimi-panik-yaratti
FACTURK-0103,web,True,2023-01-25T00:00:00+00:00,"Sat, 21 Feb 2026 08:00:00 GMT",2026-02-21T08:00:00+00:00,1123.33,False,True,True,YALAN,YALAN,True,https://onedio.com/haber/2026-kis-olimpiyatlari-nda-buz-pateni-gosterisini-kaydeden-kameramanin-performansi-begeni-topladi-1343873
FACTURK-0104,local,False,2017-11-24T00:00:00+00:00,,,,True,False,False,DOĞRU,DOĞRU,True,https://TeyitOrg-True
FACTURK-0105,web,True,2016-12-05T00:00:00+00:00,"Sat, 03 Dec 2016 08:00:00 GMT",2016-12-03T08:00:00+00:00,-1.67,True,False,False,DOĞRU,DOĞRU,True,"https://www.ntv.com.tr/dunya/turkler-ganada-sahte-abd-buyukelciligi-acti,LCyihOXJd0a54SldVdMcXQ"
FACTURK-0106,local,False,2020-07-09T00:00:00+00:00,,,,True,False,False,DOĞRU,DOĞRU,True,https://TeyitOrg-True
FACTURK-0108,local,False,2019-04-25T00:00:00+00:00,,,,True,False,False,DOĞRU,DOĞRU,True,https://TeyitOrg-True
FACTURK-0109,web,True,2022-05-29T00:00:00+00:00,"Thu, 31 May 2018 07:00:00 GMT",2018-05-31T07:00:00+00:00,-1458.71,False,False,False,YALAN,YALAN,True,https://www.cnnturk.com/turkiye/sisli-etfal-seyrantepe-ve-sariyere-tasiniyor-811680
FACTURK-0110,web,True,2023-02-13T07:00:15+00:00,"Wed, 08 Feb 2023 08:00:00 GMT",2023-02-08T08:00:00+00:00,-4.96,False,False,False,YALAN,YALAN,True,"https://t24.com.tr/gundem/turkiye-nin-milano-baskonsoloslugu-depremzedelere-yardim-icin-italyalilardan-diyanet-vakfi-na-bagis-yapmalarini-istedi,1090601"
FACTURK-0112,web,True,2022-10-25T13:26:15+00:00,"Sun, 23 Oct 2022 07:00:00 GMT",2022-10-23T07:00:00+00:00,-2.27,False,False,False,YALAN,DOĞRU,False,https://www.sozcu.com.tr/trende-cinsel-iliskiye-girdikleri-goruntuler-ortaya-cikti-polis-harekete-gecti-wp7436289
FACTURK-0113,local,False,2017-06-29T00:00:00+00:00,,,,True,False,False,YALAN,YALAN,True,https://TeyitOrg-False
FACTURK-0115,web,True,2023-09-11T00:00:00+00:00,"Sun, 10 Sep 2023 07:00:00 GMT",2023-09-10T07:00:00+00:00,-0.71,True,False,False,DOĞRU,DOĞRU,True,https://www.aa.com.tr/tr/teyithatti/aktuel/kilicdaroglunun-paylastigi-goruntude-eoka-fotografi-kullanildigi-iddiasi/1816530
FACTURK-0117,local,False,2021-02-03T00:00:00+00:00,,,,True,False,False,DOĞRU,DOĞRU,True,https://TeyitOrg-True
FACTURK-0118,web,True,2023-06-02T00:00:00+00:00,"Thu, 01 Jun 2023 07:00:00 GMT",2023-06-01T07:00:00+00:00,-0.71,True,False,False,DOĞRU,DOĞRU,True,https://www.cumhuriyet.com.tr/siyaset/yrpli-ali-yukselin-3-esinin-oldugu-ortaya-cikti-tbmmde-olmasi-suc-2086588
FACTURK-0124,local,False,2024-10-07T14:56:58+00:00,,,,True,False,False,YALAN,YALAN,True,https://teyit.org/analiz/meksikada-israil-buyukelciligine-yapilan-saldiriyi-gosteren-video-guncel-mi
FACTURK-0125,local,False,2020-07-15T00:00:00+00:00,,,,True,False,False,DOĞRU,DOĞRU,True,https://TeyitOrg-True
FACTURK-0126,local,False,2021-05-25T15:40:14+00:00,,,,True,False,False,DOĞRU,YALAN,False,https://www.diken.com.tr
FACTURK-0127,web,True,2021-06-02T00:00:00+00:00,"Sun, 29 Mar 2026 07:00:00 GMT",2026-03-29T07:00:00+00:00,1761.29,False,True,True,YALAN,YALAN,True,https://ankahaber.net/haber/detay/chpnin_benim_adim_ozgurluk_sanatin_sozun_ve_ozgurlugun_bulusmasi_programiozgur_celik_korku_duvarlari_yikilmistir_301444
FACTURK-0131,web,True,2025-09-19T16:20:26+00:00,"Wed, 17 Sep 2025 07:00:00 GMT",2025-09-17T07:00:00+00:00,-2.39,False,False,False,DOĞRU,YALAN,False,https://www.ozgurpolitika.com/haberi-700-milyon-euroluk-silah-anlasmasi-iptal-204668
FACTURK-0132,web,True,2020-11-04T00:00:00+00:00,"Sun, 08 Nov 2020 08:00:00 GMT",2020-11-08T08:00:00+00:00,4.33,True,True,False,YALAN,YALAN,True,https://www.yenicaggazetesi.com/erdogan-erzincan-depremi-dedi-yilmaz-ozdil-bir-vagon-dolusu-mahkumla-seyahat-eden-ismet-inonuyu-yazdi-313918h.htm
FACTURK-0134,web,True,2024-11-22T00:00:00+00:00,"Sun, 17 Nov 2024 08:00:00 GMT",2024-11-17T08:00:00+00:00,-4.67,False,False,False,DOĞRU,YALAN,False,"https://www.ntv.com.tr/teknoloji/galeri-bilim-insanlarindan-kritik-aciklama-manyetik-kuzey-kutbu-hizla-rusyaya-dogru-ilerliyor,FXikj135kUaPOTakddwdBA"
FACTURK-0135,web,True,2023-06-26T00:00:00+00:00,"Sat, 20 Jun 2026 07:00:00 GMT",2026-06-20T07:00:00+00:00,1090.29,False,True,True,DOĞRU,YALAN,False,https://www.egealternatif.com/haber/cin-de-sira-disi-mimari-kunshan-piramidi-tamamlandi_79640/
FACTURK-0136,local,False,2017-06-01T00:00:00+00:00,,,,True,False,False,DOĞRU,DOĞRU,True,https://TeyitOrg-True
FACTURK-0138,web,True,2020-03-21T18:45:20+00:00,"Thu, 20 Apr 2017 07:00:00 GMT",2017-04-20T07:00:00+00:00,-1066.49,False,False,False,YALAN,YALAN,True,https://www.haberler.com/guncel/fransa-ilac-guvenligi-ulusal-ajansindan-epilepsi-9524241-haberi/
FACTURK-0143,local,False,2018-06-23T00:00:00+00:00,,,,True,False,False,DOĞRU,DOĞRU,True,https://TeyitOrg-True
FACTURK-0152,web,True,2023-08-17T00:00:00+00:00,"Thu, 17 Aug 2023 07:00:00 GMT",2023-08-17T07:00:00+00:00,0.29,True,True,False,YALAN,YALAN,True,https://www.aydinlik.com.tr/haber/24-yil-once-17-agustosta-duyulan-o-ses-hala-yureklerde-sesimi-duyan-var-mi-411958
FACTURK-0155,web,True,2025-05-23T00:00:00+00:00,"Mon, 13 Sep 2021 07:00:00 GMT",2021-09-13T07:00:00+00:00,-1347.71,False,False,False,DOĞRU,DOĞRU,True,https://www.haberler.com/fuhus-operasyonunda-veresiye-defteri-bulundu-14391898-haberi/
FACTURK-0156,web,True,2022-08-01T16:19:29+00:00,"Tue, 02 Aug 2022 07:00:00 GMT",2022-08-02T07:00:00+00:00,0.61,True,True,False,YALAN,YALAN,True,https://www.trthaber.com/haber/dunya/rusya-abd-yapimi-6-himars-topcu-roket-sistemi-imha-edildi-698819.html
FACTURK-0159,local,False,2022-07-01T11:26:26+00:00,,,,True,False,False,YALAN,DOĞRU,False,https://TeyitOrg-False
FACTURK-0160,local,False,2023-09-07T00:00:00+00:00,,,,True,False,False,DOĞRU,YALAN,False,https://twitter.com/limon/status/1.00179E+18
FACTURK-0162,web,True,2019-05-07T00:00:00+00:00,"Wed, 08 May 2019 07:00:00 GMT",2019-05-08T07:00:00+00:00,1.29,True,True,False,DOĞRU,DOĞRU,True,https://indigodergisi.com/2019/05/meb-almanca-ders-kitaplarina-basortu-photoshopu/
FACTURK-0164,web,True,2021-02-13T00:00:00+00:00,"Thu, 11 Feb 2021 08:00:00 GMT",2021-02-11T08:00:00+00:00,-1.67,True,False,False,YALAN,YALAN,True,https://www.sabah.com.tr/kultur-sanat/2021/02/11/kedi-miyavlamasini-hicaz-duyan-adam
FACTURK-0165,local,False,2021-11-18T00:00:00+00:00,,,,True,False,False,YALAN,YALAN,True,https://twitter.com/limon/status/8.32492E+17
FACTURK-0166,web,True,2022-01-24T11:28:31+00:00,"Fri, 14 Jan 2022 08:00:00 GMT",2022-01-14T08:00:00+00:00,-10.14,False,False,False,DOĞRU,YALAN,False,https://onedio.com/haber/kagit-ithalatina-yilda-3-5-milyar-tl-harcanirken-seka-yi-yikip-yerine-stat-yapma-hikayesi-1034988
FACTURK-0167,local,False,2023-09-26T15:40:59+00:00,,,,True,False,False,YALAN,YALAN,True,https://TeyitOrg-False
FACTURK-0168,local,False,2023-05-03T10:43:54+00:00,,,,True,False,False,YALAN,YALAN,True,https://TeyitOrg-False
FACTURK-0170,web,True,2024-05-16T00:00:00+00:00,"Tue, 01 Sep 2020 07:00:00 GMT",2020-09-01T07:00:00+00:00,-1352.71,False,False,False,YALAN,YALAN,True,https://www.edebiyathaber.net/cemal-sureya-yeniden-can-yayinlarinda/
FACTURK-0174,local,False,2023-02-14T12:23:26+00:00,,,,True,False,False,YALAN,DOĞRU,False,https://TeyitOrg-False
FACTURK-0177,local,False,2020-11-10T00:00:00+00:00,,,,True,False,False,YALAN,DOĞRU,False,https://TeyitOrg-False
FACTURK-0179,local,False,2023-01-10T00:00:00+00:00,,,,True,False,False,DOĞRU,DOĞRU,True,https://TeyitOrg-True
FACTURK-0181,local,False,2016-01-14T19:16:53+00:00,,,,True,False,False,YALAN,YALAN,True,https://twitter.com/limon/status/8.67762E+17
FACTURK-0184,web,True,2022-12-14T15:59:42+00:00,"Tue, 13 Dec 2022 08:00:00 GMT",2022-12-13T08:00:00+00:00,-1.33,True,False,False,DOĞRU,DOĞRU,True,https://www.diken.com.tr/babacandan-burs-ve-kredi-tablosu-her-ay-genclerin-cebinden-alinan-80-dolar-nerede/
FACTURK-0186,local,False,2026-02-20T12:06:05+00:00,,,,True,False,False,DOĞRU,DOĞRU,True,https://TeyitOrg-False
FACTURK-0187,web,True,2021-08-10T10:22:49+00:00,"Sun, 08 Aug 2021 07:00:00 GMT",2021-08-08T07:00:00+00:00,-2.14,False,False,False,DOĞRU,YALAN,False,https://karadenizgazete.com.tr/gundem/dunyanin-en-buyuk-yangin-sondurme-ucagi-boeing-747-cumhurbaskani-erdoganda-da-var/336600
FACTURK-0193,web,True,,"Fri, 06 Feb 2026 08:00:00 GMT",2026-02-06T08:00:00+00:00,,False,False,False,DOĞRU,DOĞRU,True,https://www.dw.com/tr/trump-%C4%B1rk%C3%A7%C4%B1-video-ile-obama-%C3%A7iftini-hedef-ald%C4%B1/a-75847782
FACTURK-0194,web,True,2023-06-20T00:00:00+00:00,"Fri, 23 Aug 2024 07:00:00 GMT",2024-08-23T07:00:00+00:00,430.29,False,True,True,DOĞRU,DOĞRU,True,https://www.capital.com.tr/is-dunyasi/arastirmalar/zombi-tehdidi-buyuyor
FACTURK-0198,local,False,2023-02-20T12:55:12+00:00,,,,True,False,False,DOĞRU,DOĞRU,True,https://TeyitOrg-False
FACTURK-0199,web,True,2021-05-24T17:08:00+00:00,"Wed, 10 Sep 2025 07:00:00 GMT",2025-09-10T07:00:00+00:00,1569.58,False,True,True,DOĞRU,YALAN,False,https://www.canakkalekalem.com/sag-tarafa-yatmak-kalbe-zararli-mi-bilim-ve-hadisler-ne-diyor/153569
FACTURK-0201,local,False,2017-01-24T00:00:00+00:00,,,,True,False,False,DOĞRU,DOĞRU,True,https://TeyitOrg-True
FACTURK-0202,web,True,2023-02-17T00:00:00+00:00,"Thu, 16 Feb 2023 08:00:00 GMT",2023-02-16T08:00:00+00:00,-0.67,True,False,False,DOĞRU,DOĞRU,True,https://yurtsever.org.tr/2023/cengiz-holdinge-yuzde-100-vergi-indirimi-gumruk-muafiyeti-sigorta-ve-personel-destegi-506200/
FACTURK-0203,local,False,2019-01-08T00:00:00+00:00,,,,True,False,False,YALAN,YALAN,True,https://TeyitOrg-False
FACTURK-0204,web,True,2025-12-10T14:25:01+00:00,"Mon, 08 Dec 2025 08:00:00 GMT",2025-12-08T08:00:00+00:00,-2.27,False,False,False,DOĞRU,DOĞRU,True,https://www.sozcu.com.tr/erkeklerin-nesli-tukeniyor-biyolog-tamamen-yok-olacaklar-diyerek-tarih-verdi-p268416
FACTURK-0206,local,False,2019-06-01T00:00:00+00:00,,,,True,False,False,YALAN,YALAN,True,https://TeyitOrg-False
FACTURK-0208,local,False,2017-08-15T00:00:00+00:00,,,,True,False,False,DOĞRU,DOĞRU,True,https://TeyitOrg-True
FACTURK-0209,local,False,2019-03-08T00:00:00+00:00,,,,True,False,False,YALAN,YALAN,True,https://twitter.com/limon/status/1.10439E+18
FACTURK-0210,local,False,2026-03-06T16:55:29+00:00,,,,True,False,False,YALAN,DOĞRU,False,https://TeyitOrg-False
FACTURK-0213,web,True,2025-01-31T10:48:39+00:00,"Fri, 07 Feb 2025 08:00:00 GMT",2025-02-07T08:00:00+00:00,6.88,True,True,False,DOĞRU,YALAN,False,https://fikirturu.com/jeo-politika/trumpin-gazzeyi-isgal-planinin-ardinda/
FACTURK-0215,web,True,2022-11-21T16:12:35+00:00,"Thu, 27 Oct 2022 07:00:00 GMT",2022-10-27T07:00:00+00:00,-25.38,False,False,False,DOĞRU,DOĞRU,True,https://www.gazeteduvar.com.tr/ak-partili-taskesenlioglu-afrikada-bakir-madenlerim-var-haber-1586657
FACTURK-0218,web,True,2021-10-24T00:00:00+00:00,"Sat, 12 Oct 2024 07:00:00 GMT",2024-10-12T07:00:00+00:00,1084.29,False,True,True,YALAN,YALAN,True,https://www.bitlispostasi.com/ahlat-ta-peygamber-devesi-goruldu
FACTURK-0223,local,False,2020-07-30T00:00:00+00:00,,,,True,False,False,DOĞRU,DOĞRU,True,https://TeyitOrg-True
FACTURK-0225,web,True,2022-04-21T00:00:00+00:00,"Thu, 12 Oct 2017 07:00:00 GMT",2017-10-12T07:00:00+00:00,-1651.71,False,False,False,YALAN,YALAN,True,https://www.sabah.com.tr/galeri/yasam/sevgiliye-ask-mesajlari-2017-en-guzel-ask-sozleri
FACTURK-0232,local,False,2018-09-13T00:00:00+00:00,,,,True,False,False,DOĞRU,DOĞRU,True,https://TeyitOrg-True
FACTURK-0236,local,False,2020-07-27T00:00:00+00:00,,,,True,False,False,YALAN,YALAN,True,https://TeyitOrg-False
FACTURK-0238,web,True,2023-06-14T00:00:00+00:00,"Mon, 19 Jun 2023 07:00:00 GMT",2023-06-19T07:00:00+00:00,5.29,True,True,False,DOĞRU,DOĞRU,True,https://onedio.com/haber/hollanda-artan-cilt-kanseriyle-mucadele-etmek-icin-halka-ucretsiz-gunes-kremi-dagitacak-1155734
FACTURK-0240,local,False,2021-01-10T00:00:00+00:00,,,,True,False,False,YALAN,YALAN,True,https://huggingface.co/datasets/ogozcelik/turkish-fake-news-detection
FACTURK-0242,web,True,2019-01-21T17:52:53+00:00,"Sat, 19 Jan 2019 08:00:00 GMT",2019-01-19T08:00:00+00:00,-2.41,False,False,False,YALAN,YALAN,True,https://www.gunes.com/gundem/iran-turk-hesabinin-oltasina-dustu-polat-alemdari-munbic-saldirisinin-sorumlusu-gosterdi-946873
FACTURK-0245,local,False,2023-01-17T00:00:00+00:00,,,,True,False,False,DOĞRU,DOĞRU,True,https://TeyitOrg-True
FACTURK-0247,local,False,2023-03-28T13:47:33+00:00,,,,True,False,False,YALAN,YALAN,True,https://TeyitOrg-False
FACTURK-0248,web,True,2016-07-13T00:00:00+00:00,"Wed, 13 Jul 2016 07:00:00 GMT",2016-07-13T07:00:00+00:00,0.29,True,True,False,YALAN,DOĞRU,False,https://bianet.org/haber/pokemon-ararken-karsimiza-cikan-yalan-haberler-176675
FACTURK-0249,local,False,2017-02-08T00:00:00+00:00,,,,True,False,False,DOĞRU,DOĞRU,True,https://TeyitOrg-True
FACTURK-0252,local,False,2019-01-30T00:00:00+00:00,,,,True,False,False,YALAN,YALAN,True,https://TeyitOrg-False
FACTURK-0256,local,False,2022-06-28T11:41:10+00:00,,,,True,False,False,YALAN,YALAN,True,https://huggingface.co/datasets/ogozcelik/turkish-fake-news-detection
FACTURK-0257,web,True,2021-05-28T11:04:19+00:00,"Thu, 20 May 2021 07:00:00 GMT",2021-05-20T07:00:00+00:00,-8.17,False,False,False,DOĞRU,YALAN,False,"https://t24.com.tr/gundem/turkiye-uzay-ajansi-nin-kiraladigi-1-i-vip-minibus-5-aracin-maliyeti-belli-oldu,953454"
FACTURK-0260,web,True,2021-09-09T00:00:00+00:00,"Sun, 03 Jan 2021 08:00:00 GMT",2021-01-03T08:00:00+00:00,-248.67,False,False,False,DOĞRU,YALAN,False,https://www.yenicaggazetesi.com/meksikada-bir-vekil-mecliste-soyunup-su-cumleleri-kurdu-ben-soyunurken-utandim-siz-ulkeyi-soyarken-utanmiyor-musunuz-326001h.htm
FACTURK-0262,web,True,2024-11-22T00:00:00+00:00,"Thu, 18 Nov 2010 08:00:00 GMT",2010-11-18T08:00:00+00:00,-5117.67,False,False,False,DOĞRU,YALAN,False,https://www.hurriyet.com.tr/gundem/turkudeki-sesin-sirri-16319355
FACTURK-0266,web,True,2023-09-13T00:00:00+00:00,"Wed, 09 Mar 2016 08:00:00 GMT",2016-03-09T08:00:00+00:00,-2743.67,False,False,False,DOĞRU,DOĞRU,True,https://www.hurriyet.com.tr/dunya/brezilyali-yasli-adam-ile-hayata-dondurdugu-penguenin-ilginc-hikayesi-40065912
FACTURK-0267,web,True,2021-03-12T00:00:00+00:00,"Fri, 12 Mar 2021 08:00:00 GMT",2021-03-12T08:00:00+00:00,0.33,True,True,False,YALAN,YALAN,True,https://www.hurriyet.com.tr/galeri-12-mart-istiklal-marsinin-kabulu-siir-ve-sozlerle-aniliyor-iste-milli-sairimiz-mehmet-akif-ersoyun-hayati-41760990
FACTURK-0268,local,False,2021-07-27T00:00:00+00:00,,,,True,False,False,YALAN,DOĞRU,False,https://TeyitOrg-False
FACTURK-0274,web,True,2024-04-03T00:00:00+00:00,"Wed, 03 Apr 2024 07:00:00 GMT",2024-04-03T07:00:00+00:00,0.29,True,True,False,YALAN,YALAN,True,https://www.gazeteduvar.com.tr/iranli-komutan-kadin-kiyafeti-mi-giydi-haber-1681457
FACTURK-0277,web,True,2018-02-08T00:00:00+00:00,"Wed, 07 Feb 2018 08:00:00 GMT",2018-02-07T08:00:00+00:00,-0.67,True,False,False,DOĞRU,DOĞRU,True,https://indigodergisi.com/2018/02/vampirler-neden-uzun-yasar/
FACTURK-0281,local,False,2023-02-17T06:41:54+00:00,,,,True,False,False,YALAN,YALAN,True,https://TRT
FACTURK-0282,local,False,2022-11-18T00:00:00+00:00,,,,True,False,False,DOĞRU,YALAN,False,https://TeyitOrg-True
FACTURK-0283,web,True,2021-06-11T16:29:02+00:00,"Wed, 16 Jun 2021 07:00:00 GMT",2021-06-16T07:00:00+00:00,4.6,True,True,False,YALAN,YALAN,True,https://www.bbc.com/turkce/haberler-dunya-57476262
FACTURK-0286,web,True,2020-12-23T00:00:00+00:00,"Thu, 17 Dec 2020 08:00:00 GMT",2020-12-17T08:00:00+00:00,-5.67,False,False,False,DOĞRU,DOĞRU,True,https://www.birgun.net/haber/bilkent-universitesi-nden-ilginc-kopya-cozumu-ogrencilere-ayna-gonderilecek-327015
FACTURK-0287,web,True,2020-05-28T00:00:00+00:00,"Sat, 15 Oct 2016 07:00:00 GMT",2016-10-15T07:00:00+00:00,-1320.71,False,False,False,DOĞRU,YALAN,False,https://www.bbc.com/turkce/haberler-dunya-37666215
FACTURK-0296,local,False,2022-12-26T00:00:00+00:00,,,,True,False,False,DOĞRU,DOĞRU,True,https://TeyitOrg-True
FACTURK-0297,web,True,2024-04-17T10:31:10+00:00,"Tue, 16 Apr 2024 07:00:00 GMT",2024-04-16T07:00:00+00:00,-1.15,True,False,False,DOĞRU,DOĞRU,True,https://www.indyturk.com/node/715461
FACTURK-0299,local,False,2020-01-26T17:34:27+00:00,,,,True,False,False,YALAN,YALAN,True,https://twitter.com/limon/status/8.81796E+17
FACTURK-0300,local,False,2017-08-07T20:06:29+00:00,,,,True,False,False,YALAN,YALAN,True,https://huggingface.co/datasets/ogozcelik/turkish-fake-news-detection
FACTURK-0301,web,True,2024-07-08T16:41:38+00:00,"Wed, 22 Apr 2020 07:00:00 GMT",2020-04-22T07:00:00+00:00,-1538.4,False,False,False,YALAN,DOĞRU,False,https://www.aa.com.tr/tr/dunya/mostar-koprusu-tbmmnin-acilisinin-100-yili-dolayisiyla-turk-bayraginin-renklerine-burundu/1813703
FACTURK-0302,web,True,2020-06-30T00:00:00+00:00,"Thu, 10 Jan 2019 08:00:00 GMT",2019-01-10T08:00:00+00:00,-536.67,False,False,False,YALAN,DOĞRU,False,https://onedio.com/haber/leman-sam-in-kiyamam-sana-sarkisinin-az-bilinen-gercek-hikayesi-icinizi-acitacak-856759
FACTURK-0303,web,True,2022-09-16T14:31:41+00:00,"Thu, 15 Sep 2022 07:00:00 GMT",2022-09-15T07:00:00+00:00,-1.31,True,False,False,YALAN,YALAN,True,https://www.aa.com.tr/tr/teyithatti/kultur-sanat/cengelkoyde-yer-alan-kuleli-askeri-lisesinin-satildigi-one-suruldu/1814982
FACTURK-0304,web,True,2017-03-30T00:00:00+00:00,"Wed, 06 Nov 2013 08:00:00 GMT",2013-11-06T08:00:00+00:00,-1239.67,False,False,False,DOĞRU,YALAN,False,https://www.egedesonsoz.com/valilikten-suriyeli-multecilere-gecici-tc-numarasi
FACTURK-0311,local,False,2023-12-26T00:00:00+00:00,,,,True,False,False,DOĞRU,DOĞRU,True,https://twitter.com/limon/status/9.53252E+17
FACTURK-0312,local,False,2019-08-26T00:00:00+00:00,,,,True,False,False,DOĞRU,DOĞRU,True,https://TeyitOrg-True
FACTURK-0315,local,False,2024-05-03T16:57:15+00:00,,,,True,False,False,YALAN,YALAN,True,https://twitter.com/evrenselgzt/status/6.20173e+17
FACTURK-0316,local,False,2020-05-19T00:00:00+00:00,,,,True,False,False,DOĞRU,DOĞRU,True,https://TeyitOrg-True
FACTURK-0317,local,False,2022-12-12T13:40:26+00:00,,,,True,False,False,DOĞRU,YALAN,False,https://www.malumatfurus.org/down-sendromlu-model/
FACTURK-0319,web,True,2023-10-28T00:00:00+00:00,"Fri, 05 Nov 2021 23:15:52 GMT",2021-11-05T23:15:52+00:00,-721.03,False,False,False,DOĞRU,DOĞRU,True,https://www.milliyet.com.tr/molatik/galeri/dogru-bilinen-yanlis-atasozu-ve-deyimler-85868
FACTURK-0320,web,True,2019-10-11T17:50:12+00:00,"Wed, 09 Oct 2019 07:00:00 GMT",2019-10-09T07:00:00+00:00,-2.45,False,False,False,YALAN,DOĞRU,False,https://www.sabah.com.tr/gundem/2019/10/09/chp-medyasindan-cirkin-paylasim-pkk-agziyla
FACTURK-0324,web,True,2023-02-17T12:22:46+00:00,"Wed, 08 Feb 2023 08:00:00 GMT",2023-02-08T08:00:00+00:00,-9.18,False,False,False,DOĞRU,DOĞRU,True,https://www.ahaber.com.tr/dunya/2023/02/08/azerbaycandan-turkiyeyi-duygulandiran-fotograf-aracinin-uzerine-yorganlari-koyup-yardim-icin-yola-cikti
FACTURK-0325,web,True,2023-07-16T11:07:32+00:00,"Sat, 15 Jul 2023 07:00:00 GMT",2023-07-15T07:00:00+00:00,-1.17,True,False,False,YALAN,YALAN,True,"https://t24.com.tr/foto-haber/resmi-gazete-nin-karari-sosyal-medyanin-gundeminde-2023-2024-donemi-universite-harclari-ne-kadar-oldu,24326"
FACTURK-0328,web,True,2025-01-30T00:00:00+00:00,"Thu, 30 Jan 2025 08:00:00 GMT",2025-01-30T08:00:00+00:00,0.33,True,True,False,DOĞRU,DOĞRU,True,https://yetkinreport.com/2025/01/30/elektrik-faturalarinda-yeni-donem-milyonlarca-abone-icin-yuksek-fatura-riski/
FACTURK-0330,web,True,2021-12-19T00:00:00+00:00,"Sat, 18 Dec 2021 08:00:00 GMT",2021-12-18T08:00:00+00:00,-0.67,True,False,False,YALAN,YALAN,True,https://www.oncurtv.com/en-yuksek-zam-oranini-erbakan-hocamiz-aciklamisti
FACTURK-0334,local,False,2016-10-04T00:00:00+00:00,,,,True,False,False,DOĞRU,DOĞRU,True,https://TeyitOrg-True
FACTURK-0335,web,True,2021-04-29T00:00:00+00:00,"Thu, 29 Apr 2021 07:00:00 GMT",2021-04-29T07:00:00+00:00,0.29,True,True,False,YALAN,YALAN,True,https://www.fikriyat.com/webtv/tarih/unutturulan-zafer-kutul-amare
FACTURK-0337,local,False,2021-11-10T14:56:00+00:00,,,,True,False,False,YALAN,YALAN,True,https://TeyitOrg-False
FACTURK-0338,web,True,2024-12-06T13:36:50+00:00,"Thu, 05 Dec 2024 08:00:00 GMT",2024-12-05T08:00:00+00:00,-1.23,True,False,False,YALAN,YALAN,True,https://onedio.com/haber/abd-kaliforniya-da-7-0-buyuklugunde-deprem-tsunami-alarmi-verildi-1262884
FACTURK-0341,web,True,2019-01-23T00:00:00+00:00,"Sun, 11 Dec 2011 08:00:00 GMT",2011-12-11T08:00:00+00:00,-2599.67,False,False,False,DOĞRU,YALAN,False,"https://www.ntv.com.tr/turkiye/salvador-dali-istanbulda,z8sHphb4WEGdHoWPjUaIrQ"
FACTURK-0342,local,False,2022-07-01T13:54:15+00:00,,,,True,False,False,YALAN,DOĞRU,False,https://TeyitOrg-False
FACTURK-0344,local,False,2019-10-08T00:00:00+00:00,,,,True,False,False,DOĞRU,DOĞRU,True,https://TeyitOrg-True
FACTURK-0346,local,False,2019-08-20T00:00:00+00:00,,,,True,False,False,YALAN,YALAN,True,https://TeyitOrg-False
FACTURK-0348,web,True,2025-03-07T00:00:00+00:00,"Tue, 04 Mar 2025 08:00:00 GMT",2025-03-04T08:00:00+00:00,-2.67,False,False,False,DOĞRU,DOĞRU,True,https://www.odatv.com/guncel/tekirdag-corluda-yapilan-bir-dugunde-davetlilere-sebille-alkol-ikram-edildi-120088813
FACTURK-0350,web,True,2023-02-10T00:00:00+00:00,"Thu, 09 Feb 2023 08:00:00 GMT",2023-02-09T08:00:00+00:00,-0.67,True,False,False,DOĞRU,YALAN,False,https://tr.euronews.com/2023/02/09/kilicdaroglu-depremde-can-kaybinin-ulasacagi-nokta-mudahaledeki-etkisizlikten
FACTURK-0351,local,False,2022-06-28T11:25:11+00:00,,,,True,False,False,YALAN,DOĞRU,False,https://TeyitOrg-False
FACTURK-0352,local,False,2022-11-25T00:00:00+00:00,,,,True,False,False,DOĞRU,DOĞRU,True,https://TeyitOrg-True
FACTURK-0354,local,False,2020-06-30T00:00:00+00:00,,,,True,False,False,DOĞRU,DOĞRU,True,https://TeyitOrg-True
FACTURK-0355,web,True,2024-01-03T00:00:00+00:00,"Sat, 30 Dec 2023 08:00:00 GMT",2023-12-30T08:00:00+00:00,-3.67,False,False,False,DOĞRU,DOĞRU,True,https://www.haberturk.com/super-kupa-ikiye-bolunsun-3649584-spor
FACTURK-0359,web,True,2023-09-25T00:00:00+00:00,"Tue, 26 Sep 2023 07:00:00 GMT",2023-09-26T07:00:00+00:00,1.29,True,True,False,DOĞRU,DOĞRU,True,https://www.patronlardunyasi.com/antartikada-buzda-rekor-duzeyde-erime
FACTURK-0360,local,False,2021-02-16T11:17:00+00:00,,,,True,False,False,DOĞRU,YALAN,False,https://huggingface.co/datasets/ogozcelik/turkish-fake-news-detection
FACTURK-0362,web,True,2025-10-20T10:12:39+00:00,"Sun, 17 Aug 2014 07:00:00 GMT",2014-08-17T07:00:00+00:00,-4082.13,False,False,False,DOĞRU,YALAN,False,https://www.gazetevatan.com/gundem/dalgalar-nedeniyle-feribotun-cami-patladi-669263
FACTURK-0367,web,True,2022-10-24T16:36:55+00:00,"Mon, 24 Oct 2022 07:00:00 GMT",2022-10-24T07:00:00+00:00,-0.4,True,False,False,DOĞRU,DOĞRU,True,https://www.evrensel.net/haber/472999/diyanete-rekor-dini-yayin-odenegi
FACTURK-0368,local,False,2020-06-22T00:00:00+00:00,,,,True,False,False,DOĞRU,DOĞRU,True,https://TeyitOrg-True
FACTURK-0369,web,True,2023-08-21T00:00:00+00:00,"Mon, 21 Aug 2023 07:00:00 GMT",2023-08-21T07:00:00+00:00,0.29,True,True,False,YALAN,DOĞRU,False,https://www.sehrivangazetesi.com/vanda-dev-piton-yilani-goruldu-iddiasi
FACTURK-0371,local,False,2021-05-20T00:00:00+00:00,,,,True,False,False,DOĞRU,YALAN,False,https://TeyitOrg-True
FACTURK-0375,web,True,2023-05-10T07:52:07+00:00,"Tue, 09 May 2023 07:00:00 GMT",2023-05-09T07:00:00+00:00,-1.04,True,False,False,YALAN,YALAN,True,https://www.aa.com.tr/tr/teyithatti/politika/trtde-siyasi-liderlere-hak-verilmedigi-iddiasi-/1815891
FACTURK-0380,web,True,2023-03-10T16:51:23+00:00,"Mon, 13 Mar 2023 07:00:00 GMT",2023-03-13T07:00:00+00:00,2.59,True,True,False,YALAN,YALAN,True,"https://t24.com.tr/gundem/afad-6-subat-2023-pazarcik-ve-elbistan-depremlerinden-sonra-13-mart-a-kadar-gecen-surede-17-bine-yakin-deprem-meydana-gelmistir,1097854"
FACTURK-0382,web,True,2022-06-12T00:00:00+00:00,"Mon, 07 Mar 2016 08:00:00 GMT",2016-03-07T08:00:00+00:00,-2287.67,False,False,False,YALAN,YALAN,True,"https://t24.com.tr/gundem/besiktasta-bir-restoranda-darp-edilen-kadin-musteriler-sef-garson-tarafindan-sosyal-medyada-taciz-ediliyor,331072"
FACTURK-0383,web,True,2023-06-27T00:00:00+00:00,"Tue, 27 Jun 2023 07:00:00 GMT",2023-06-27T07:00:00+00:00,0.29,True,True,False,DOĞRU,DOĞRU,True,https://halktv.com.tr/yasam/fotograf-ciltteki-igne-deligini-mi-gosteriyor-750257h
FACTURK-0384,local,False,2019-03-13T00:00:00+00:00,,,,True,False,False,DOĞRU,DOĞRU,True,https://TeyitOrg-True
FACTURK-0393,local,False,2017-07-10T00:00:00+00:00,,,,True,False,False,DOĞRU,DOĞRU,True,https://TeyitOrg-True
FACTURK-0394,web,True,2022-04-23T00:00:00+00:00,"Sat, 23 Apr 2022 07:00:00 GMT",2022-04-23T07:00:00+00:00,0.29,True,True,False,YALAN,YALAN,True,"https://t24.com.tr/gundem/van-da-1-milyon-dolarlik-banknot-ele-gecirildi,1029808"
FACTURK-0395,local,False,2022-07-01T18:27:18+00:00,,,,True,False,False,DOĞRU,YALAN,False,https://www.diken.com.tr
FACTURK-0396,local,False,2019-07-24T00:00:00+00:00,,,,True,False,False,YALAN,YALAN,True,https://TeyitOrg-False
FACTURK-0403,local,False,2022-07-01T18:22:42+00:00,,,,True,False,False,YALAN,YALAN,True,https://TeyitOrg-False
FACTURK-0405,web,True,2023-10-29T00:00:00+00:00,"Sat, 04 Nov 2023 07:00:00 GMT",2023-11-04T07:00:00+00:00,6.29,True,True,False,YALAN,YALAN,True,https://www.tv5.com.tr/guncel-turkiyede-satilan-israil-markalari-ve-mallari-listesi
FACTURK-0409,web,True,2024-05-06T00:00:00+00:00,"Mon, 29 Apr 2024 07:00:00 GMT",2024-04-29T07:00:00+00:00,-6.71,False,False,False,YALAN,DOĞRU,False,https://ilkha.com/dunya/senegal-fransizca-yerine-arapcayi-resmi-dil-olarak-kabul-etti-390633
FACTURK-0411,web,True,2021-02-19T17:12:32+00:00,"Tue, 27 Apr 2021 07:00:00 GMT",2021-04-27T07:00:00+00:00,66.57,False,True,True,DOĞRU,YALAN,False,https://www.gazeteduvar.com.tr/turkiye-halkina-en-az-destek-veren-3-ulkeden-biri-haber-1520561
FACTURK-0412,local,False,2018-04-06T00:00:00+00:00,,,,True,False,False,DOĞRU,YALAN,False,https://twitter.com/evrenselgzt/status/1.03529e+18
FACTURK-0413,local,False,2017-12-19T00:00:00+00:00,,,,True,False,False,DOĞRU,DOĞRU,True,https://TeyitOrg-True
FACTURK-0415,web,True,2024-06-26T00:00:00+00:00,"Tue, 09 May 2017 07:00:00 GMT",2017-05-09T07:00:00+00:00,-2604.71,False,False,False,DOĞRU,DOĞRU,True,https://www.bbc.com/turkce/haberler-dunya-39855644
FACTURK-0421,local,False,2015-10-26T18:55:02+00:00,,,,True,False,False,YALAN,YALAN,True,https://twitter.com/evrenselgzt/status/6.25542e+17
FACTURK-0422,local,False,2022-06-27T11:35:09+00:00,,,,True,False,False,YALAN,YALAN,True,https://TeyitOrg-False
FACTURK-0423,web,True,2021-01-28T11:12:00+00:00,"Tue, 05 Feb 2019 08:00:00 GMT",2019-02-05T08:00:00+00:00,-723.13,False,False,False,DOĞRU,DOĞRU,True,https://tr.euronews.com/2019/02/05/hollandal-asiri-sagci-milletvekili-islam-karsiti-kitap-yazarken-musluman-oldu
FACTURK-0424,web,True,2025-04-11T17:19:58+00:00,"Fri, 07 Jun 2024 07:00:00 GMT",2024-06-07T07:00:00+00:00,-308.43,False,False,False,DOĞRU,YALAN,False,https://www.sonhaber.eu/belcika-suruculeri-durmaya-zorlayan-akilli-trafik-isiklari-kullanilmaya-baslandi
FACTURK-0429,local,False,2019-03-29T00:00:00+00:00,,,,True,False,False,DOĞRU,DOĞRU,True,https://TeyitOrg-True
FACTURK-0430,web,True,2021-02-19T16:17:12+00:00,"Tue, 22 Sep 2015 07:00:00 GMT",2015-09-22T07:00:00+00:00,-1977.39,False,False,False,DOĞRU,DOĞRU,True,https://onedio.com/haber/ataturk-aniti-referandumu-oncesi-rizelilere-kucuk-bir-hatirlatma-592090
FACTURK-0431,web,True,2023-03-24T00:00:00+00:00,"Thu, 23 Mar 2023 07:00:00 GMT",2023-03-23T07:00:00+00:00,-0.71,True,False,False,DOĞRU,YALAN,False,https://onedio.com/haber/nihat-hatipoglu-nun-ilk-sahur-programinda-sorulan-sevilmemenin-gunahi-sorusu-uzaklara-dalmamiza-neden-oldu-1136061
FACTURK-0432,web,True,2023-06-12T00:00:00+00:00,"Wed, 07 Jun 2023 07:00:00 GMT",2023-06-07T07:00:00+00:00,-4.71,False,False,False,DOĞRU,DOĞRU,True,https://tr.euronews.com/2023/06/07/kosta-rikada-disi-bir-timsahin-bakire-dogum-yaptigi-tespit-edildi
FACTURK-0433,web,True,2023-03-08T00:00:00+00:00,"Sun, 12 Feb 2023 02:18:27 GMT",2023-02-12T02:18:27+00:00,-23.9,False,False,False,YALAN,YALAN,True,https://www.hurriyet.com.tr/galeri-fyodor-dostoyevski-sozleri-dostoyevskinin-en-guzel-resimli-uzun-kisa-anlamli-olan-ask-ve-sevda-konulu-unutulmaz-sozleri-2023-41878708/7
FACTURK-0435,web,True,2023-07-06T00:00:00+00:00,"Sat, 08 Jul 2023 07:00:00 GMT",2023-07-08T07:00:00+00:00,2.29,True,True,False,DOĞRU,DOĞRU,True,"https://t24.com.tr/bilim-teknoloji/threads-hesabini-silenin-instagram-i-da-kapaniyor-mu,1118928"
FACTURK-0436,web,True,2025-04-30T17:27:41+00:00,"Fri, 25 Apr 2025 07:00:00 GMT",2025-04-25T07:00:00+00:00,-5.44,False,False,False,YALAN,YALAN,True,https://www.aa.com.tr/tr/teyithatti/aktuel/video-sanliurfada-cocuguyla-sokakta-kalan-kadini-gosteriyor-iddiasi/1819002
FACTURK-0437,web,True,2026-03-05T17:17:59+00:00,"Thu, 05 Mar 2026 08:00:00 GMT",2026-03-05T08:00:00+00:00,-0.39,True,False,False,DOĞRU,DOĞRU,True,https://ankahaber.net/haber/detay/ispanya_guney_kibrisin_hava_savunmasina_destek_icin_firkateyn_gonderiyor_296782
FACTURK-0439,web,True,2022-11-29T00:00:00+00:00,"Tue, 29 Nov 2022 08:00:00 GMT",2022-11-29T08:00:00+00:00,0.33,True,True,False,DOĞRU,YALAN,False,https://www.birgun.net/haber/eksi-8-75-netle-universite-donemi-baraj-kalkti-sistem-coktu-411696
FACTURK-0445,local,False,2022-10-12T00:00:00+00:00,,,,True,False,False,DOĞRU,DOĞRU,True,https://TeyitOrg-True
FACTURK-0448,web,True,2023-09-13T00:00:00+00:00,"Mon, 11 Sep 2023 07:00:00 GMT",2023-09-11T07:00:00+00:00,-1.71,True,False,False,DOĞRU,YALAN,False,https://www.trthaber.com/haber/dunya/suudi-arabistan-veliaht-prensi-hindistan-orta-dogu-avrupa-ekonomik-koridorunun-olumlu-yansimalari-olacak-794824.html
FACTURK-0450,web,True,2020-01-30T00:00:00+00:00,"Thu, 30 Jan 2020 08:00:00 GMT",2020-01-30T08:00:00+00:00,0.33,True,True,False,DOĞRU,DOĞRU,True,https://bianet.org/haber/vergi-kacirmak-degil-vergiden-kacinmak-mis-219357
FACTURK-0451,local,False,2018-02-12T00:00:00+00:00,,,,True,False,False,DOĞRU,DOĞRU,True,https://TeyitOrg-True
FACTURK-0453,local,False,2023-08-20T00:00:00+00:00,,,,True,False,False,DOĞRU,DOĞRU,True,https://TeyitOrg-False
FACTURK-0454,local,False,2020-07-25T00:00:00+00:00,,,,True,False,False,DOĞRU,YALAN,False,https://TeyitOrg-True
FACTURK-0456,local,False,2018-11-21T00:00:00+00:00,,,,True,False,False,DOĞRU,YALAN,False,https://TeyitOrg-True
FACTURK-0457,local,False,2017-05-27T00:00:00+00:00,,,,True,False,False,DOĞRU,DOĞRU,True,https://TeyitOrg-True
FACTURK-0460,local,False,2023-02-18T21:27:49+00:00,,,,True,False,False,DOĞRU,YALAN,False,https://TRT
FACTURK-0464,web,True,2025-08-29T16:14:13+00:00,"Wed, 13 Nov 2024 08:00:00 GMT",2024-11-13T08:00:00+00:00,-289.34,False,False,False,DOĞRU,DOĞRU,True,https://www.yasemin.com/foto-galeri/73154-1-grami-bile-servet-diaspor-tasi-yalnizca-turkiyede-cikariliyor-elmastan-10-bin-kat-degerli
FACTURK-0465,web,True,2021-08-02T14:19:50+00:00,"Thu, 15 Jun 2023 07:00:00 GMT",2023-06-15T07:00:00+00:00,681.69,False,True,True,DOĞRU,YALAN,False,https://halktv.com.tr/yasam/kimse-farkinda-degil-yol-kenarindaki-kucuk-beyaz-tabelalar-hayatinizi-kurtariyor-1-747371h
FACTURK-0466,web,True,2016-10-12T00:00:00+00:00,"Fri, 02 Nov 2018 07:00:00 GMT",2018-11-02T07:00:00+00:00,751.29,False,True,True,YALAN,YALAN,True,https://www.dirilispostasi.com/cinliler-cince-anlasamiyor-resmi-dairelerde-lutfen-ortak-dil-konusun-yazisi-6150698
FACTURK-0469,local,False,2018-05-29T00:00:00+00:00,,,,True,False,False,DOĞRU,DOĞRU,True,https://TeyitOrg-True
FACTURK-0470,web,True,2021-05-25T12:25:22+00:00,"Sun, 23 May 2021 07:00:00 GMT",2021-05-23T07:00:00+00:00,-2.23,False,False,False,DOĞRU,YALAN,False,https://onedio.com/haber/bakanlik-45-yaban-kecisinin-oldurulmesi-icin-ihaleye-gidiyor-983338
FACTURK-0471,web,True,2024-11-21T12:14:21+00:00,"Sun, 22 Mar 2026 07:00:00 GMT",2026-03-22T07:00:00+00:00,485.78,False,True,True,YALAN,YALAN,True,https://www.gzt.com/spor/fenerbahce-besiktas-maci-ne-zaman-2026-super-lig-28-hafta-mac-programi-fb-bjk-derbi-tarihi-4025359
FACTURK-0472,web,True,2022-09-13T16:52:54+00:00,"Tue, 13 Sep 2022 07:00:00 GMT",2022-09-13T07:00:00+00:00,-0.41,True,False,False,DOĞRU,DOĞRU,True,https://www.capital.com.tr/haberler/tum-haberler/avrasya-tuneline-katarli-ortak
FACTURK-0473,web,True,2020-10-14T00:00:00+00:00,"Tue, 03 Feb 2026 23:21:35 GMT",2026-02-03T23:21:35+00:00,1938.97,False,True,True,YALAN,YALAN,True,https://www.milliyet.com.tr/galeri/dusmana-sozler-2026-dost-gibi-gorunen-ve-cekemeyen-insanlara-soylenilebilecek-sozler-6414727/3
FACTURK-0476,web,True,2025-03-02T00:00:00+00:00,"Mon, 03 Mar 2025 08:00:00 GMT",2025-03-03T08:00:00+00:00,1.33,True,True,False,DOĞRU,DOĞRU,True,https://www.enerjigunlugu.net/norvecli-haltbakk-bunkersdan-abd-askeri-gemilerine-yakit-yok-62492h.htm
FACTURK-0478,web,True,2023-12-13T00:00:00+00:00,"Wed, 13 Aug 2025 07:00:00 GMT",2025-08-13T07:00:00+00:00,609.29,False,True,True,DOĞRU,YALAN,False,https://onedio.com/haber/japonya-da-musterilerin-bilerek-yanlis-siparis-aldigi-tek-yer-amaci-tam-olarak-o-1308180
FACTURK-0482,local,False,2016-08-31T00:00:00+00:00,,,,True,False,False,DOĞRU,DOĞRU,True,https://TeyitOrg-True
FACTURK-0483,web,True,2024-05-09T16:26:25+00:00,"Thu, 09 May 2024 07:00:00 GMT",2024-05-09T07:00:00+00:00,-0.39,True,False,False,YALAN,DOĞRU,False,https://www.haberturk.com/dedetas-in-atamasi-ne-zaman-yapildi-3685018
FACTURK-0485,web,True,2021-02-22T21:33:18+00:00,"Tue, 01 Sep 2020 07:00:00 GMT",2020-09-01T07:00:00+00:00,-174.61,False,False,False,YALAN,DOĞRU,False,"https://www.ntv.com.tr/ekonomi/dunyanin-en-zengin-kadini-mackenzie-scott,Eg_8UFOLzkO1KP-5d3l6SQ"
FACTURK-0489,web,True,2023-05-21T00:00:00+00:00,"Thu, 20 Dec 2012 08:00:00 GMT",2012-12-20T08:00:00+00:00,-3803.67,False,False,False,YALAN,DOĞRU,False,https://www.haberturk.com/polemik/haber/805059-zaytungun-haberine-ilk-kez-yalanlama-geldi
FACTURK-0491,web,True,2025-05-28T15:36:02+00:00,"Mon, 19 May 2025 07:00:00 GMT",2025-05-19T07:00:00+00:00,-9.36,False,False,False,DOĞRU,DOĞRU,True,"https://www.ntv.com.tr/dunya/tuvalette-telefonla-oynayanlar-icin-buyuk-risk-uzmanlar-uyardi,9ZyW1F_aGU2xKewhiR_xQQ"
FACTURK-0492,local,False,2024-06-25T00:00:00+00:00,,,,True,False,False,DOĞRU,YALAN,False,https://twitter.com/limon/status/8.02228E+17
FACTURK-0494,web,True,2022-06-28T08:47:29+00:00,"Tue, 16 Jul 2019 07:00:00 GMT",2019-07-16T07:00:00+00:00,-1078.07,False,False,False,YALAN,YALAN,True,http://www.dha.com.tr/foto-galeri/turk-bilim-insanlari-kok-hucre-ve-3d-biyo-yazici-ile-kalp-uretecek-1683313
FACTURK-0495,web,True,2016-03-16T17:53:02+00:00,"Wed, 11 Dec 2024 08:00:00 GMT",2024-12-11T08:00:00+00:00,3191.59,False,True,True,YALAN,YALAN,True,https://www.defenceturk.net/teror-orgutu-ypg-pkk-abdye-ait-ihayi-dusurdu
FACTURK-0496,local,False,2020-05-15T00:00:00+00:00,,,,True,False,False,DOĞRU,YALAN,False,https://TeyitOrg-True
FACTURK-0500,web,True,2023-01-17T00:00:00+00:00,"Sat, 14 Jan 2023 08:00:00 GMT",2023-01-14T08:00:00+00:00,-2.67,False,False,False,DOĞRU,YALAN,False,https://www.aa.com.tr/tr/dunya/tarladan-eve-posetle-dogal-gaz-tasiyorlar/2787489
